Years,S(t)_pct
0.0,100.0
0.0027397260273972603,100.0
0.005479452054794521,100.0
0.00821917808219178,98.73310306246039
0.010958904109589041,98.40829761198724
0.0136986301369863,98.06263150003828
0.01643835616438356,97.85804353621728
0.019178082191780823,97.85804353621728
0.021917808219178082,97.85804353621728
0.024657534246575342,97.85804353621728
0.0273972602739726,97.85804353621728
0.030136986301369864,97.85804353621728
0.03287671232876712,97.85804353621728
0.03561643835616438,97.85804353621728
0.038356164383561646,97.85804353621728
0.0410958904109589,97.85804353621728
0.043835616438356165,97.85804353621728
0.04657534246575343,97.85804353621728
0.049315068493150684,97.85804353621728
0.052054794520547946,93.96785372133708
0.0547945205479452,92.87747996492664
0.057534246575342465,92.87747996492664
0.06027397260273973,92.87747996492664
0.06301369863013699,92.87747996492664
0.06575342465753424,91.91537902330325
0.0684931506849315,90.0681846219142
0.07123287671232877,88.92380719375528
0.07397260273972603,88.18450023638388
0.07671232876712329,88.18450023638388
0.07945205479452055,88.18450023638388
0.0821917808219178,88.18450023638388
0.08493150684931507,88.18450023638388
0.08767123287671233,88.18450023638388
0.09041095890410959,88.18450023638388
0.09315068493150686,88.18450023638388
0.0958904109589041,88.18450023638388
0.09863013698630137,88.18450023638388
0.10136986301369863,88.18450023638388
0.10410958904109589,88.18450023638388
0.10684931506849316,88.18450023638388
0.1095890410958904,88.18450023638388
0.11232876712328767,88.18450023638388
0.11506849315068493,88.18450023638388
0.1178082191780822,88.18450023638388
0.12054794520547946,88.18450023638388
0.1232876712328767,88.18450023638388
0.12602739726027398,88.18450023638388
0.12876712328767123,88.18450023638388
0.13150684931506848,88.18450023638388
0.13424657534246576,88.18450023638388
0.136986301369863,88.18450023638388
0.13972602739726028,88.18450023638388
0.14246575342465753,88.18450023638388
0.14520547945205478,88.18450023638388
0.14794520547945206,88.18450023638388
0.1506849315068493,87.98432079957331
0.15342465753424658,87.98432079957331
0.15616438356164383,87.98432079957331
0.1589041095890411,87.98432079957331
0.16164383561643836,86.70176299790113
0.1643835616438356,86.70176299790113
0.16712328767123288,86.70176299790113
0.16986301369863013,86.70176299790113
0.1726027397260274,86.70176299790113
0.17534246575342466,86.70176299790113
0.1780821917808219,86.70176299790113
0.18082191780821918,86.70176299790113
0.18356164383561643,86.70176299790113
0.1863013698630137,86.70176299790113
0.18904109589041096,86.70176299790113
0.1917808219178082,86.70176299790113
0.19452054794520549,86.70176299790113
0.19726027397260273,86.70176299790113
0.2,86.70176299790113
0.20273972602739726,86.70176299790113
0.2054794520547945,86.70176299790113
0.20821917808219179,86.70176299790113
0.21095890410958903,86.70176299790113
0.2136986301369863,86.70176299790113
0.21643835616438356,86.70176299790113
0.2191780821917808,86.70176299790113
0.2219178082191781,86.70176299790113
0.22465753424657534,86.70176299790113
0.2273972602739726,85.65882381949567
0.23013698630136986,85.65882381949567
0.2328767123287671,85.65882381949567
0.2356164383561644,85.65882381949567
0.23835616438356164,85.65882381949567
0.2410958904109589,85.65882381949567
0.24383561643835616,85.58128670961807
0.2465753424657534,84.72719298842176
0.2493150684931507,84.72719298842176
0.25205479452054796,84.72719298842176
0.2547945205479452,84.72719298842176
0.25753424657534246,84.72719298842176
0.2602739726027397,84.72719298842176
0.26301369863013696,84.72719298842176
0.26575342465753427,84.72719298842176
0.2684931506849315,84.72719298842176
0.27123287671232876,84.72719298842176
0.273972602739726,84.72719298842176
0.27671232876712326,84.72719298842176
0.27945205479452057,84.72719298842176
0.2821917808219178,84.72719298842176
0.28493150684931506,84.72719298842176
0.2876712328767123,84.72719298842176
0.29041095890410956,84.72719298842176
0.29315068493150687,84.72719298842176
0.2958904109589041,84.72719298842176
0.29863013698630136,84.72719298842176
0.3013698630136986,84.72719298842176
0.3041095890410959,84.72719298842176
0.30684931506849317,84.72719298842176
0.3095890410958904,84.72719298842176
0.31232876712328766,84.72719298842176
0.3150684931506849,84.72719298842176
0.3178082191780822,84.72719298842176
0.32054794520547947,84.72719298842176
0.3232876712328767,84.72719298842176
0.32602739726027397,84.72719298842176
0.3287671232876712,84.72719298842176
0.3315068493150685,84.72719298842176
0.33424657534246577,84.72719298842176
0.336986301369863,84.72719298842176
0.33972602739726027,84.72719298842176
0.3424657534246575,84.72719298842176
0.3452054794520548,84.72719298842176
0.34794520547945207,84.72719298842176
0.3506849315068493,84.72719298842176
0.35342465753424657,84.72719298842176
0.3561643835616438,84.72719298842176
0.3589041095890411,84.72719298842176
0.36164383561643837,84.72719298842176
0.3643835616438356,84.72719298842176
0.36712328767123287,84.72719298842176
0.3698630136986301,84.72719298842176
0.3726027397260274,84.72719298842176
0.37534246575342467,84.72719298842176
0.3780821917808219,84.72719298842176
0.38082191780821917,84.72719298842176
0.3835616438356164,84.72719298842176
0.3863013698630137,84.72719298842176
0.38904109589041097,84.72719298842176
0.3917808219178082,84.72719298842176
0.39452054794520547,84.72719298842176
0.3972602739726027,84.72719298842176
0.4,84.72719298842176
0.40273972602739727,84.72719298842176
0.4054794520547945,84.72719298842176
0.40821917808219177,84.72719298842176
0.410958904109589,84.72719298842176
0.4136986301369863,84.72719298842176
0.41643835616438357,84.72719298842176
0.4191780821917808,84.72719298842176
0.42191780821917807,84.72719298842176
0.4246575342465753,84.72719298842176
0.4273972602739726,84.72719298842176
0.4301369863013699,84.72719298842176
0.4328767123287671,84.72719298842176
0.43561643835616437,84.72719298842176
0.4383561643835616,84.72719298842176
0.4410958904109589,84.72719298842176
0.4438356164383562,84.72719298842176
0.4465753424657534,84.72719298842176
0.44931506849315067,84.72719298842176
0.4520547945205479,84.72719298842176
0.4547945205479452,84.72719298842176
0.4575342465753425,84.72719298842176
0.4602739726027397,84.72719298842176
0.46301369863013697,84.72719298842176
0.4657534246575342,84.72719298842176
0.4684931506849315,84.72719298842176
0.4712328767123288,84.72719298842176
0.473972602739726,84.72719298842176
0.4767123287671233,84.49006108204274
0.4794520547945205,84.49006108204274
0.4821917808219178,84.49006108204274
0.4849315068493151,84.49006108204274
0.4876712328767123,84.49006108204274
0.4904109589041096,84.49006108204274
0.4931506849315068,84.49006108204274
0.4958904109589041,84.49006108204274
0.4986301369863014,84.49006108204274
0.5013698630136987,84.49006108204274
0.5041095890410959,84.49006108204274
0.5068493150684932,84.49006108204274
0.5095890410958904,84.49006108204274
0.5123287671232877,84.49006108204274
0.5150684931506849,84.49006108204274
0.5178082191780822,84.49006108204274
0.5205479452054794,84.49006108204274
0.5232876712328767,84.49006108204274
0.5260273972602739,84.49006108204274
0.5287671232876713,84.49006108204274
0.5315068493150685,84.49006108204274
0.5342465753424658,84.49006108204274
0.536986301369863,84.49006108204274
0.5397260273972603,84.49006108204274
0.5424657534246575,84.49006108204274
0.5452054794520548,84.49006108204274
0.547945205479452,84.49006108204274
0.5506849315068493,84.49006108204274
0.5534246575342465,84.49006108204274
0.5561643835616439,84.49006108204274
0.5589041095890411,84.49006108204274
0.5616438356164384,84.49006108204274
0.5643835616438356,82.63857772729504
0.5671232876712329,82.38458420807096
0.5698630136986301,82.04028983713462
0.5726027397260274,81.14943552699782
0.5753424657534246,81.14943552699782
0.5780821917808219,81.14943552699782
0.5808219178082191,81.14943552699782
0.5835616438356165,81.14943552699782
0.5863013698630137,81.14943552699782
0.589041095890411,81.14943552699782
0.5917808219178082,80.87529987019451
0.5945205479452055,80.87529987019451
0.5972602739726027,80.87529987019451
0.6,80.87529987019451
0.6027397260273972,80.87529987019451
0.6054794520547945,80.87529987019451
0.6082191780821918,80.87529987019451
0.6109589041095891,80.87529987019451
0.6136986301369863,80.87529987019451
0.6164383561643836,80.87529987019451
0.6191780821917808,80.87529987019451
0.6219178082191781,80.87529987019451
0.6246575342465753,80.87529987019451
0.6273972602739726,80.87529987019451
0.6301369863013698,80.87529987019451
0.6328767123287671,80.87529987019451
0.6356164383561644,80.87529987019451
0.6383561643835617,80.87529987019451
0.6410958904109589,80.87529987019451
0.6438356164383562,80.87529987019451
0.6465753424657534,79.19499859409427
0.6493150684931507,77.8805509996742
0.6520547945205479,77.8805509996742
0.6547945205479452,77.8805509996742
0.6575342465753424,77.8805509996742
0.6602739726027397,77.8805509996742
0.663013698630137,77.22459699101148
0.6657534246575343,77.22459699101148
0.6684931506849315,77.22459699101148
0.6712328767123288,77.22459699101148
0.673972602739726,77.22459699101148
0.6767123287671233,77.22459699101148
0.6794520547945205,77.22459699101148
0.6821917808219178,77.22459699101148
0.684931506849315,77.22459699101148
0.6876712328767123,77.22459699101148
0.6904109589041096,77.22459699101148
0.6931506849315069,77.22459699101148
0.6958904109589041,77.22459699101148
0.6986301369863014,77.22459699101148
0.7013698630136986,77.22459699101148
0.7041095890410959,77.22459699101148
0.7068493150684931,77.22459699101148
0.7095890410958904,77.22459699101148
0.7123287671232876,77.22459699101148
0.7150684931506849,77.22459699101148
0.7178082191780822,77.22459699101148
0.7205479452054795,77.22459699101148
0.7232876712328767,77.22459699101148
0.726027397260274,77.22459699101148
0.7287671232876712,77.22459699101148
0.7315068493150685,77.22459699101148
0.7342465753424657,77.21501345113906
0.736986301369863,76.89273414261257
0.7397260273972602,76.57180514658745
0.7424657534246575,75.90480377145002
0.7452054794520548,75.2531064265097
0.7479452054794521,75.2531064265097
0.7506849315068493,75.2531064265097
0.7534246575342466,75.2531064265097
0.7561643835616438,75.2531064265097
0.7589041095890411,75.2531064265097
0.7616438356164383,75.2531064265097
0.7643835616438356,75.2531064265097
0.7671232876712328,75.2531064265097
0.7698630136986301,75.2531064265097
0.7726027397260274,75.2531064265097
0.7753424657534247,75.2531064265097
0.7780821917808219,75.2531064265097
0.7808219178082192,75.2531064265097
0.7835616438356164,75.2531064265097
0.7863013698630137,75.2531064265097
0.7890410958904109,75.2531064265097
0.7917808219178082,75.2531064265097
0.7945205479452054,75.2531064265097
0.7972602739726027,75.2531064265097
0.8,75.2531064265097
0.8027397260273973,75.2531064265097
0.8054794520547945,75.2531064265097
0.8082191780821918,75.2531064265097
0.810958904109589,75.2531064265097
0.8136986301369863,75.2531064265097
0.8164383561643835,75.2531064265097
0.8191780821917808,75.2531064265097
0.821917808219178,75.2531064265097
0.8246575342465754,75.2531064265097
0.8273972602739726,75.2531064265097
0.8301369863013699,75.2531064265097
0.8328767123287671,75.2531064265097
0.8356164383561644,75.2531064265097
0.8383561643835616,75.2531064265097
0.8410958904109589,75.2531064265097
0.8438356164383561,75.2531064265097
0.8465753424657534,75.2531064265097
0.8493150684931506,75.2531064265097
0.852054794520548,75.2531064265097
0.8547945205479452,75.2531064265097
0.8575342465753425,75.2531064265097
0.8602739726027397,75.2531064265097
0.863013698630137,75.2531064265097
0.8657534246575342,75.2531064265097
0.8684931506849315,75.2531064265097
0.8712328767123287,75.2531064265097
0.873972602739726,75.2531064265097
0.8767123287671232,75.2531064265097
0.8794520547945206,75.2531064265097
0.8821917808219178,75.2531064265097
0.8849315068493151,75.2531064265097
0.8876712328767123,75.2531064265097
0.8904109589041096,75.2531064265097
0.8931506849315068,75.2531064265097
0.8958904109589041,75.2531064265097
0.8986301369863013,75.2531064265097
0.9013698630136986,75.2531064265097
0.9041095890410958,75.2531064265097
0.9068493150684932,75.2531064265097
0.9095890410958904,75.2531064265097
0.9123287671232877,75.2531064265097
0.915068493150685,75.2531064265097
0.9178082191780822,75.2531064265097
0.9205479452054794,75.2531064265097
0.9232876712328767,75.2531064265097
0.9260273972602739,75.2531064265097
0.9287671232876712,75.2531064265097
0.9315068493150684,75.2531064265097
0.9342465753424658,75.2531064265097
0.936986301369863,75.2531064265097
0.9397260273972603,75.2531064265097
0.9424657534246575,75.2531064265097
0.9452054794520548,75.2531064265097
0.947945205479452,75.2531064265097
0.9506849315068493,75.2531064265097
0.9534246575342465,75.2531064265097
0.9561643835616438,75.2531064265097
0.958904109589041,75.2531064265097
0.9616438356164384,75.2531064265097
0.9643835616438357,75.2531064265097
0.9671232876712329,75.2531064265097
0.9698630136986301,75.2531064265097
0.9726027397260274,74.65273811236685
0.9753424657534246,73.30757674140038
0.9780821917808219,73.30757674140038
0.9808219178082191,73.30757674140038
0.9835616438356164,73.30757674140038
0.9863013698630136,73.30757674140038
0.989041095890411,73.30757674140038
0.9917808219178083,73.30757674140038
0.9945205479452055,73.30757674140038
0.9972602739726028,73.30757674140038
1.0,73.30757674140038
1.0027397260273974,73.30757674140038
1.0054794520547945,73.30757674140038
1.0082191780821919,73.30757674140038
1.010958904109589,73.30757674140038
1.0136986301369864,73.30757674140038
1.0164383561643835,73.30757674140038
1.0191780821917809,73.30757674140038
1.021917808219178,73.30757674140038
1.0246575342465754,73.30757674140038
1.0273972602739727,73.30757674140038
1.0301369863013699,73.30757674140038
1.0328767123287672,73.30757674140038
1.0356164383561643,73.30757674140038
1.0383561643835617,73.30757674140038
1.0410958904109588,73.30757674140038
1.0438356164383562,73.30757674140038
1.0465753424657533,73.30757674140038
1.0493150684931507,73.30757674140038
1.0520547945205478,73.30757674140038
1.0547945205479452,73.30757674140038
1.0575342465753426,73.30757674140038
1.0602739726027397,73.30757674140038
1.063013698630137,73.30757674140038
1.0657534246575342,73.30757674140038
1.0684931506849316,73.30757674140038
1.0712328767123287,72.94387569394414
1.073972602739726,72.94387569394414
1.0767123287671232,72.94387569394414
1.0794520547945206,72.94387569394414
1.082191780821918,72.47413620141403
1.084931506849315,72.47413620141403
1.0876712328767124,72.47413620141403
1.0904109589041096,72.47413620141403
1.093150684931507,72.47413620141403
1.095890410958904,72.47413620141403
1.0986301369863014,72.47413620141403
1.1013698630136985,72.47413620141403
1.104109589041096,72.47413620141403
1.106849315068493,71.66154609900539
1.1095890410958904,71.59752701671025
1.1123287671232878,71.59752701671025
1.115068493150685,71.59752701671025
1.1178082191780823,71.59752701671025
1.1205479452054794,71.59752701671025
1.1232876712328768,71.59752701671025
1.126027397260274,71.42819536832809
1.1287671232876713,71.42819536832809
1.1315068493150684,71.42819536832809
1.1342465753424658,71.42819536832809
1.1369863013698631,71.42819536832809
1.1397260273972603,71.42819536832809
1.1424657534246576,71.42819536832809
1.1452054794520548,71.42819536832809
1.1479452054794521,71.42819536832809
1.1506849315068493,71.42819536832809
1.1534246575342466,71.42819536832809
1.1561643835616437,71.42819536832809
1.158904109589041,71.42819536832809
1.1616438356164382,71.18499367545093
1.1643835616438356,71.18499367545093
1.167123287671233,71.18499367545093
1.16986301369863,71.18499367545093
1.1726027397260275,71.18499367545093
1.1753424657534246,71.18499367545093
1.178082191780822,71.18499367545093
1.180821917808219,71.18499367545093
1.1835616438356165,71.18499367545093
1.1863013698630136,71.18499367545093
1.189041095890411,71.18499367545093
1.1917808219178083,71.18499367545093
1.1945205479452055,71.18499367545093
1.1972602739726028,71.18499367545093
1.2,71.18499367545093
1.2027397260273973,71.18499367545093
1.2054794520547945,71.18499367545093
1.2082191780821918,71.18499367545093
1.210958904109589,71.18499367545093
1.2136986301369863,71.18499367545093
1.2164383561643837,71.18499367545093
1.2191780821917808,71.18499367545093
1.2219178082191782,71.18499367545093
1.2246575342465753,70.26250869110336
1.2273972602739727,70.26250869110336
1.2301369863013698,70.26250869110336
1.2328767123287672,70.26250869110336
1.2356164383561643,70.26250869110336
1.2383561643835617,70.0741899582119
1.2410958904109588,69.7940767921407
1.2438356164383562,69.28156102881661
1.2465753424657535,69.28156102881661
1.2493150684931507,69.28156102881661
1.252054794520548,69.28156102881661
1.2547945205479452,69.28156102881661
1.2575342465753425,69.28156102881661
1.2602739726027397,69.28156102881661
1.263013698630137,69.28156102881661
1.2657534246575342,69.28156102881661
1.2684931506849315,69.28156102881661
1.2712328767123289,69.28156102881661
1.273972602739726,69.28156102881661
1.2767123287671234,69.28156102881661
1.2794520547945205,69.28156102881661
1.2821917808219179,69.28156102881661
1.284931506849315,69.28156102881661
1.2876712328767124,69.28156102881661
1.2904109589041095,69.28156102881661
1.2931506849315069,69.28156102881661
1.295890410958904,69.28156102881661
1.2986301369863014,69.28156102881661
1.3013698630136987,69.28156102881661
1.3041095890410959,69.28156102881661
1.3068493150684932,69.28156102881661
1.3095890410958904,69.28156102881661
1.3123287671232877,69.28156102881661
1.3150684931506849,69.28156102881661
1.3178082191780822,69.28156102881661
1.3205479452054794,69.14800079037222
1.3232876712328767,69.14800079037222
1.326027397260274,69.14800079037222
1.3287671232876712,69.14800079037222
1.3315068493150686,69.14800079037222
1.3342465753424657,69.14800079037222
1.336986301369863,69.14800079037222
1.3397260273972602,69.14800079037222
1.3424657534246576,69.14800079037222
1.3452054794520547,69.14800079037222
1.347945205479452,69.14800079037222
1.3506849315068492,69.14800079037222
1.3534246575342466,69.14800079037222
1.356164383561644,69.14800079037222
1.358904109589041,69.14800079037222
1.3616438356164384,69.14800079037222
1.3643835616438356,69.14800079037222
1.367123287671233,69.14800079037222
1.36986301369863,69.14800079037222
1.3726027397260274,69.14800079037222
1.3753424657534246,69.14800079037222
1.378082191780822,69.14800079037222
1.3808219178082193,69.14800079037222
1.3835616438356164,69.14800079037222
1.3863013698630138,69.14800079037222
1.389041095890411,69.14800079037222
1.3917808219178083,69.14800079037222
1.3945205479452054,69.14800079037222
1.3972602739726028,68.5020282812528
1.4,68.5020282812528
1.4027397260273973,68.5020282812528
1.4054794520547946,68.5020282812528
1.4082191780821918,68.5020282812528
1.4109589041095891,68.5020282812528
1.4136986301369863,68.5020282812528
1.4164383561643836,68.5020282812528
1.4191780821917808,68.5020282812528
1.4219178082191781,68.5020282812528
1.4246575342465753,68.5020282812528
1.4273972602739726,68.5020282812528
1.4301369863013698,68.5020282812528
1.4328767123287671,68.5020282812528
1.4356164383561645,68.5020282812528
1.4383561643835616,68.5020282812528
1.441095890410959,68.5020282812528
1.4438356164383561,68.5020282812528
1.4465753424657535,68.5020282812528
1.4493150684931506,68.5020282812528
1.452054794520548,68.5020282812528
1.4547945205479451,68.5020282812528
1.4575342465753425,68.5020282812528
1.4602739726027398,68.5020282812528
1.463013698630137,68.5020282812528
1.4657534246575343,68.5020282812528
1.4684931506849315,68.5020282812528
1.4712328767123288,68.5020282812528
1.473972602739726,68.5020282812528
1.4767123287671233,68.5020282812528
1.4794520547945205,68.5020282812528
1.4821917808219178,68.5020282812528
1.484931506849315,68.5020282812528
1.4876712328767123,68.5020282812528
1.4904109589041097,68.5020282812528
1.4931506849315068,68.5020282812528
1.4958904109589042,68.5020282812528
1.4986301369863013,68.5020282812528
1.5013698630136987,68.5020282812528
1.5041095890410958,68.5020282812528
1.5068493150684932,68.5020282812528
1.5095890410958903,68.5020282812528
1.5123287671232877,68.5020282812528
1.515068493150685,68.5020282812528
1.5178082191780822,68.5020282812528
1.5205479452054795,68.5020282812528
1.5232876712328767,68.5020282812528
1.526027397260274,68.5020282812528
1.5287671232876712,68.5020282812528
1.5315068493150685,68.5020282812528
1.5342465753424657,68.5020282812528
1.536986301369863,68.5020282812528
1.5397260273972602,68.5020282812528
1.5424657534246575,68.5020282812528
1.5452054794520549,68.5020282812528
1.547945205479452,68.5020282812528
1.5506849315068494,68.5020282812528
1.5534246575342465,68.5020282812528
1.5561643835616439,68.5020282812528
1.558904109589041,68.5020282812528
1.5616438356164384,68.5020282812528
1.5643835616438355,68.5020282812528
1.5671232876712329,68.5020282812528
1.5698630136986302,68.5020282812528
1.5726027397260274,68.5020282812528
1.5753424657534247,68.5020282812528
1.5780821917808219,68.5020282812528
1.5808219178082192,68.5020282812528
1.5835616438356164,68.5020282812528
1.5863013698630137,68.5020282812528
1.5890410958904109,68.5020282812528
1.5917808219178082,68.5020282812528
1.5945205479452054,68.5020282812528
1.5972602739726027,68.5020282812528
1.6,68.5020282812528
1.6027397260273972,68.5020282812528
1.6054794520547946,68.5020282812528
1.6082191780821917,68.5020282812528
1.610958904109589,68.5020282812528
1.6136986301369862,68.5020282812528
1.6164383561643836,68.5020282812528
1.6191780821917807,68.5020282812528
1.621917808219178,68.5020282812528
1.6246575342465754,68.5020282812528
1.6273972602739726,68.5020282812528
1.63013698630137,68.5020282812528
1.632876712328767,68.5020282812528
1.6356164383561644,68.5020282812528
1.6383561643835616,68.5020282812528
1.641095890410959,68.5020282812528
1.643835616438356,68.5020282812528
1.6465753424657534,68.5020282812528
1.6493150684931508,68.5020282812528
1.652054794520548,68.5020282812528
1.6547945205479453,68.5020282812528
1.6575342465753424,68.5020282812528
1.6602739726027398,68.5020282812528
1.663013698630137,68.5020282812528
1.6657534246575343,68.5020282812528
1.6684931506849314,68.5020282812528
1.6712328767123288,68.5020282812528
1.673972602739726,68.5020282812528
1.6767123287671233,68.5020282812528
1.6794520547945206,68.5020282812528
1.6821917808219178,68.5020282812528
1.6849315068493151,68.5020282812528
1.6876712328767123,68.5020282812528
1.6904109589041096,68.5020282812528
1.6931506849315068,68.5020282812528
1.6958904109589041,68.5020282812528
1.6986301369863013,68.5020282812528
1.7013698630136986,68.5020282812528
1.704109589041096,68.5020282812528
1.7068493150684931,68.5020282812528
1.7095890410958905,68.5020282812528
1.7123287671232876,68.5020282812528
1.715068493150685,68.5020282812528
1.7178082191780821,68.5020282812528
1.7205479452054795,68.5020282812528
1.7232876712328766,68.5020282812528
1.726027397260274,68.5020282812528
1.7287671232876711,68.5020282812528
1.7315068493150685,68.5020282812528
1.7342465753424658,68.5020282812528
1.736986301369863,68.5020282812528
1.7397260273972603,68.5020282812528
1.7424657534246575,68.5020282812528
1.7452054794520548,68.5020282812528
1.747945205479452,68.5020282812528
1.7506849315068493,68.5020282812528
1.7534246575342465,68.5020282812528
1.7561643835616438,68.5020282812528
1.7589041095890412,68.5020282812528
1.7616438356164383,68.5020282812528
1.7643835616438357,68.5020282812528
1.7671232876712328,68.5020282812528
1.7698630136986302,68.5020282812528
1.7726027397260273,68.5020282812528
1.7753424657534247,68.5020282812528
1.7780821917808218,68.5020282812528
1.7808219178082192,68.5020282812528
1.7835616438356163,68.5020282812528
1.7863013698630137,68.5020282812528
1.789041095890411,68.5020282812528
1.7917808219178082,68.5020282812528
1.7945205479452055,68.5020282812528
1.7972602739726027,68.5020282812528
1.8,68.5020282812528
1.8027397260273972,68.5020282812528
1.8054794520547945,68.5020282812528
1.8082191780821917,68.5020282812528
1.810958904109589,68.5020282812528
1.8136986301369864,68.5020282812528
1.8164383561643835,68.5020282812528
1.819178082191781,68.5020282812528
1.821917808219178,68.5020282812528
1.8246575342465754,68.5020282812528
1.8273972602739725,68.5020282812528
1.83013698630137,68.5020282812528
1.832876712328767,68.5020282812528
1.8356164383561644,68.5020282812528
1.8383561643835618,68.5020282812528
1.841095890410959,68.5020282812528
1.8438356164383563,68.5020282812528
1.8465753424657534,68.5020282812528
1.8493150684931507,68.5020282812528
1.8520547945205479,68.5020282812528
1.8547945205479452,68.5020282812528
1.8575342465753424,68.5020282812528
1.8602739726027397,68.5020282812528
1.8630136986301369,68.5020282812528
1.8657534246575342,68.5020282812528
1.8684931506849316,68.5020282812528
1.8712328767123287,68.5020282812528
1.873972602739726,68.5020282812528
1.8767123287671232,68.5020282812528
1.8794520547945206,68.5020282812528
1.8821917808219177,68.5020282812528
1.884931506849315,68.5020282812528
1.8876712328767122,68.5020282812528
1.8904109589041096,68.5020282812528
1.893150684931507,68.5020282812528
1.895890410958904,68.5020282812528
1.8986301369863015,68.5020282812528
1.9013698630136986,68.5020282812528
1.904109589041096,68.5020282812528
1.906849315068493,68.5020282812528
1.9095890410958904,68.5020282812528
1.9123287671232876,68.5020282812528
1.915068493150685,68.5020282812528
1.917808219178082,68.5020282812528
1.9205479452054794,68.5020282812528
1.9232876712328768,68.5020282812528
1.926027397260274,68.5020282812528
1.9287671232876713,68.5020282812528
1.9315068493150684,68.5020282812528
1.9342465753424658,68.5020282812528
1.936986301369863,68.5020282812528
1.9397260273972603,68.5020282812528
1.9424657534246574,68.5020282812528
1.9452054794520548,68.5020282812528
1.9479452054794522,68.5020282812528
1.9506849315068493,68.5020282812528
1.9534246575342467,68.5020282812528
1.9561643835616438,68.5020282812528
1.9589041095890412,68.5020282812528
1.9616438356164383,68.5020282812528
1.9643835616438357,68.5020282812528
1.9671232876712328,68.5020282812528
1.9698630136986301,68.5020282812528
1.9726027397260273,68.5020282812528
1.9753424657534246,68.5020282812528
1.978082191780822,68.5020282812528
1.9808219178082191,68.5020282812528
1.9835616438356165,68.5020282812528
1.9863013698630136,68.5020282812528
1.989041095890411,68.5020282812528
1.9917808219178081,68.5020282812528
1.9945205479452055,68.5020282812528
1.9972602739726026,68.5020282812528
2.0,68.5020282812528
2.0027397260273974,68.5020282812528
2.0054794520547947,68.5020282812528
2.0082191780821916,68.5020282812528
2.010958904109589,68.5020282812528
2.0136986301369864,68.5020282812528
2.0164383561643837,68.5020282812528
2.0191780821917806,68.5020282812528
2.021917808219178,68.5020282812528
2.0246575342465754,68.5020282812528
2.0273972602739727,68.5020282812528
2.03013698630137,68.5020282812528
2.032876712328767,68.5020282812528
2.0356164383561643,68.5020282812528
2.0383561643835617,68.5020282812528
2.041095890410959,68.5020282812528
2.043835616438356,68.5020282812528
2.0465753424657533,68.5020282812528
2.0493150684931507,68.5020282812528
2.052054794520548,68.5020282812528
2.0547945205479454,68.5020282812528
2.0575342465753423,68.5020282812528
2.0602739726027397,68.5020282812528
2.063013698630137,68.5020282812528
2.0657534246575344,68.5020282812528
2.0684931506849313,68.5020282812528
2.0712328767123287,68.5020282812528
2.073972602739726,68.5020282812528
2.0767123287671234,68.5020282812528
2.0794520547945203,68.5020282812528
2.0821917808219177,68.5020282812528
2.084931506849315,68.5020282812528
2.0876712328767124,68.5020282812528
2.0904109589041098,68.5020282812528
2.0931506849315067,68.5020282812528
2.095890410958904,68.5020282812528
2.0986301369863014,68.5020282812528
2.1013698630136988,68.5020282812528
2.1041095890410957,68.5020282812528
2.106849315068493,68.5020282812528
2.1095890410958904,68.5020282812528
2.1123287671232878,68.5020282812528
2.115068493150685,68.5020282812528
2.117808219178082,68.5020282812528
2.1205479452054794,68.5020282812528
2.1232876712328768,68.5020282812528
2.126027397260274,68.5020282812528
2.128767123287671,68.5020282812528
2.1315068493150684,68.5020282812528
2.1342465753424658,68.5020282812528
2.136986301369863,68.5020282812528
2.1397260273972605,68.5020282812528
2.1424657534246574,68.5020282812528
2.1452054794520548,68.5020282812528
2.147945205479452,68.5020282812528
2.1506849315068495,68.5020282812528
2.1534246575342464,68.5020282812528
2.1561643835616437,68.5020282812528
2.158904109589041,68.5020282812528
2.1616438356164385,68.02425067047547
2.164383561643836,68.02425067047547
2.1671232876712327,68.02425067047547
2.16986301369863,68.02425067047547
2.1726027397260275,68.02425067047547
2.175342465753425,68.02425067047547
2.1780821917808217,68.02425067047547
2.180821917808219,68.02425067047547
2.1835616438356165,68.02425067047547
2.186301369863014,68.02425067047547
2.1890410958904107,68.02425067047547
2.191780821917808,68.02425067047547
2.1945205479452055,68.02425067047547
2.197260273972603,68.02425067047547
2.2,68.02425067047547
2.202739726027397,68.02425067047547
2.2054794520547945,68.02425067047547
2.208219178082192,68.02425067047547
2.210958904109589,68.02425067047547
2.213698630136986,68.02425067047547
2.2164383561643834,68.02425067047547
2.219178082191781,68.02425067047547
2.221917808219178,68.02425067047547
2.2246575342465755,68.02425067047547
2.2273972602739724,68.02425067047547
2.23013698630137,68.02425067047547
2.232876712328767,68.02425067047547
2.2356164383561645,68.02425067047547
2.2383561643835614,68.02425067047547
2.241095890410959,68.02425067047547
2.243835616438356,68.02425067047547
2.2465753424657535,68.02425067047547
2.249315068493151,68.02425067047547
2.252054794520548,68.02425067047547
2.254794520547945,68.02425067047547
2.2575342465753425,68.02425067047547
2.26027397260274,68.02425067047547
2.263013698630137,68.02425067047547
2.265753424657534,68.02425067047547
2.2684931506849315,68.02425067047547
2.271232876712329,68.02425067047547
2.2739726027397262,68.02425067047547
2.276712328767123,68.02425067047547
2.2794520547945205,68.02425067047547
2.282191780821918,68.02425067047547
2.2849315068493152,68.02425067047547
2.287671232876712,68.02425067047547
2.2904109589041095,68.02425067047547
2.293150684931507,68.02425067047547
2.2958904109589042,68.02425067047547
2.2986301369863016,68.02425067047547
2.3013698630136985,68.02425067047547
2.304109589041096,68.02425067047547
2.3068493150684932,68.02425067047547
2.3095890410958906,68.02425067047547
2.3123287671232875,68.02425067047547
2.315068493150685,68.02425067047547
2.317808219178082,68.02425067047547
2.3205479452054796,68.02425067047547
2.3232876712328765,68.02425067047547
2.326027397260274,68.02425067047547
2.328767123287671,68.02425067047547
2.3315068493150686,68.02425067047547
2.334246575342466,68.02425067047547
2.336986301369863,68.02425067047547
2.33972602739726,68.02425067047547
2.3424657534246576,68.02425067047547
2.345205479452055,68.02425067047547
2.347945205479452,68.02425067047547
2.350684931506849,68.02425067047547
2.3534246575342466,68.02425067047547
2.356164383561644,68.02425067047547
2.3589041095890413,68.02425067047547
2.361643835616438,68.02425067047547
2.3643835616438356,68.02425067047547
2.367123287671233,68.02425067047547
2.3698630136986303,68.02425067047547
2.372602739726027,68.02425067047547
2.3753424657534246,68.02425067047547
2.378082191780822,68.02425067047547
2.3808219178082193,68.02425067047547
2.3835616438356166,68.02425067047547
2.3863013698630136,68.02425067047547
2.389041095890411,68.02425067047547
2.3917808219178083,68.02425067047547
2.3945205479452056,68.02425067047547
2.3972602739726026,68.02425067047547
2.4,68.02425067047547
2.4027397260273973,68.02425067047547
2.4054794520547946,68.02425067047547
2.408219178082192,68.02425067047547
2.410958904109589,68.02425067047547
2.4136986301369863,68.02425067047547
2.4164383561643836,68.02425067047547
2.419178082191781,68.02425067047547
2.421917808219178,68.02425067047547
2.4246575342465753,68.02425067047547
2.4273972602739726,68.02425067047547
2.43013698630137,68.02425067047547
2.4328767123287673,68.02425067047547
2.4356164383561643,68.02425067047547
2.4383561643835616,68.02425067047547
2.441095890410959,68.02425067047547
2.4438356164383563,68.02425067047547
2.4465753424657533,68.02425067047547
2.4493150684931506,68.02425067047547
2.452054794520548,68.02425067047547
2.4547945205479453,68.02425067047547
2.4575342465753423,68.02425067047547
2.4602739726027396,68.02425067047547
2.463013698630137,68.02425067047547
2.4657534246575343,68.02425067047547
2.4684931506849317,68.02425067047547
2.4712328767123286,68.02425067047547
2.473972602739726,68.02425067047547
2.4767123287671233,68.02425067047547
2.4794520547945207,68.02425067047547
2.4821917808219176,68.02425067047547
2.484931506849315,68.02425067047547
2.4876712328767123,68.02425067047547
2.4904109589041097,68.02425067047547
2.493150684931507,68.02425067047547
2.495890410958904,68.02425067047547
2.4986301369863013,68.02425067047547
2.5013698630136987,68.02425067047547
2.504109589041096,68.02425067047547
2.506849315068493,68.02425067047547
2.5095890410958903,68.02425067047547
2.5123287671232877,68.02425067047547
2.515068493150685,68.02425067047547
2.5178082191780824,68.02425067047547
2.5205479452054793,68.02425067047547
2.5232876712328767,68.02425067047547
2.526027397260274,68.02425067047547
2.5287671232876714,68.02425067047547
2.5315068493150683,68.02425067047547
2.5342465753424657,68.02425067047547
2.536986301369863,68.02425067047547
2.5397260273972604,68.02425067047547
2.5424657534246577,68.02425067047547
2.5452054794520547,68.02425067047547
2.547945205479452,68.02425067047547
2.5506849315068494,68.02425067047547
2.5534246575342467,68.02425067047547
2.5561643835616437,68.02425067047547
2.558904109589041,68.02425067047547
2.5616438356164384,68.02425067047547
2.5643835616438357,68.02425067047547
2.5671232876712327,68.02425067047547
2.56986301369863,68.02425067047547
2.5726027397260274,68.02425067047547
2.5753424657534247,68.02425067047547
2.578082191780822,68.02425067047547
2.580821917808219,68.02425067047547
2.5835616438356164,68.02425067047547
2.5863013698630137,68.02425067047547
2.589041095890411,68.02425067047547
2.591780821917808,68.02425067047547
2.5945205479452054,68.02425067047547
2.5972602739726027,68.02425067047547
2.6,68.02425067047547
2.6027397260273974,68.02425067047547
2.6054794520547944,68.02425067047547
2.6082191780821917,68.02425067047547
2.610958904109589,68.02425067047547
2.6136986301369864,68.02425067047547
2.6164383561643834,68.02425067047547
2.6191780821917807,68.02425067047547
2.621917808219178,68.02425067047547
2.6246575342465754,68.02425067047547
2.627397260273973,68.02425067047547
2.6301369863013697,68.02425067047547
2.632876712328767,68.02425067047547
2.6356164383561644,68.02425067047547
2.638356164383562,68.02425067047547
2.6410958904109587,68.02425067047547
2.643835616438356,68.02425067047547
2.6465753424657534,68.02425067047547
2.649315068493151,68.02425067047547
2.652054794520548,68.02425067047547
2.654794520547945,68.02425067047547
2.6575342465753424,68.02425067047547
2.66027397260274,68.02425067047547
2.663013698630137,68.02425067047547
2.665753424657534,68.02425067047547
2.6684931506849314,68.02425067047547
2.671232876712329,68.02425067047547
2.673972602739726,68.02425067047547
2.6767123287671235,68.02425067047547
2.6794520547945204,68.02425067047547
2.682191780821918,68.02425067047547
2.684931506849315,68.02425067047547
2.6876712328767125,68.02425067047547
2.6904109589041094,68.02425067047547
2.6931506849315068,68.02425067047547
2.695890410958904,68.02425067047547
2.6986301369863015,68.02425067047547
2.7013698630136984,68.02425067047547
2.7041095890410958,68.02425067047547
2.706849315068493,68.02425067047547
2.7095890410958905,68.02425067047547
2.712328767123288,68.02425067047547
2.7150684931506848,68.02425067047547
2.717808219178082,68.02425067047547
2.7205479452054795,68.02425067047547
2.723287671232877,68.02425067047547
2.7260273972602738,68.02425067047547
2.728767123287671,68.02425067047547
2.7315068493150685,68.02425067047547
2.734246575342466,68.02425067047547
2.736986301369863,68.02425067047547
2.73972602739726,68.02425067047547
2.7424657534246575,68.02425067047547
2.745205479452055,68.02425067047547
2.747945205479452,68.02425067047547
2.750684931506849,68.02425067047547
2.7534246575342465,68.02425067047547
2.756164383561644,68.02425067047547
2.758904109589041,68.02425067047547
2.7616438356164386,68.02425067047547
2.7643835616438355,68.02425067047547
2.767123287671233,68.02425067047547
2.76986301369863,68.02425067047547
2.7726027397260276,68.02425067047547
2.7753424657534245,68.02425067047547
2.778082191780822,68.02425067047547
2.780821917808219,68.02425067047547
2.7835616438356166,68.02425067047547
2.786301369863014,68.02425067047547
2.789041095890411,68.02425067047547
2.791780821917808,68.02425067047547
2.7945205479452055,68.02425067047547
2.797260273972603,68.02425067047547
2.8,68.02425067047547
2.802739726027397,68.02425067047547
2.8054794520547945,68.02425067047547
2.808219178082192,68.02425067047547
2.8109589041095893,68.02425067047547
2.813698630136986,68.02425067047547
2.8164383561643835,68.02425067047547
2.819178082191781,68.02425067047547
2.8219178082191783,68.02425067047547
2.824657534246575,68.02425067047547
2.8273972602739725,68.02425067047547
2.83013698630137,68.02425067047547
2.8328767123287673,68.02425067047547
2.835616438356164,68.02425067047547
2.8383561643835615,68.02425067047547
2.841095890410959,68.02425067047547
2.8438356164383563,68.02425067047547
2.8465753424657536,68.02425067047547
2.8493150684931505,68.02425067047547
2.852054794520548,68.02425067047547
2.8547945205479452,68.02425067047547
2.8575342465753426,68.02425067047547
2.8602739726027395,68.02425067047547
2.863013698630137,68.02425067047547
2.8657534246575342,68.02425067047547
2.8684931506849316,68.02425067047547
2.871232876712329,68.02425067047547
2.873972602739726,68.02425067047547
2.8767123287671232,68.02425067047547
2.8794520547945206,68.02425067047547
2.882191780821918,68.02425067047547
2.884931506849315,68.02425067047547
2.8876712328767122,68.02425067047547
2.8904109589041096,68.02425067047547
2.893150684931507,68.02425067047547
2.8958904109589043,68.02425067047547
2.8986301369863012,68.02425067047547
2.9013698630136986,68.02425067047547
2.904109589041096,68.02425067047547
2.9068493150684933,68.02425067047547
2.9095890410958902,68.02425067047547
2.9123287671232876,68.02425067047547
2.915068493150685,68.02425067047547
2.9178082191780823,68.02425067047547
2.9205479452054797,68.02425067047547
2.9232876712328766,68.02425067047547
2.926027397260274,68.02425067047547
2.9287671232876713,68.02425067047547
2.9315068493150687,68.02425067047547
2.9342465753424656,68.02425067047547
2.936986301369863,68.02425067047547
2.9397260273972603,68.02425067047547
2.9424657534246577,68.02425067047547
2.9452054794520546,68.02425067047547
2.947945205479452,68.02425067047547
2.9506849315068493,68.02425067047547
2.9534246575342467,68.02425067047547
2.956164383561644,68.02425067047547
2.958904109589041,68.02425067047547
2.9616438356164383,68.02425067047547
2.9643835616438357,68.02425067047547
2.967123287671233,68.02425067047547
2.96986301369863,68.02425067047547
2.9726027397260273,68.02425067047547
2.9753424657534246,68.02425067047547
2.978082191780822,68.02425067047547
2.9808219178082194,68.02425067047547
2.9835616438356163,68.02425067047547
2.9863013698630136,68.02425067047547
2.989041095890411,68.02425067047547
2.9917808219178084,68.02425067047547
2.9945205479452053,68.02425067047547
2.9972602739726026,68.02425067047547
3.0,68.02425067047547
3.0027397260273974,68.02425067047547
3.0054794520547947,68.02425067047547
3.0082191780821916,68.02425067047547
3.010958904109589,68.02425067047547
3.0136986301369864,68.02425067047547
3.0164383561643837,68.02425067047547
3.0191780821917806,68.02425067047547
3.021917808219178,68.02425067047547
3.0246575342465754,68.02425067047547
3.0273972602739727,68.02425067047547
3.03013698630137,68.02425067047547
3.032876712328767,68.02425067047547
3.0356164383561643,68.02425067047547
3.0383561643835617,68.02425067047547
3.041095890410959,68.02425067047547
3.043835616438356,68.02425067047547
3.0465753424657533,68.02425067047547
3.0493150684931507,68.02425067047547
3.052054794520548,68.02425067047547
3.0547945205479454,68.02425067047547
3.0575342465753423,68.02425067047547
3.0602739726027397,67.57948408322369
3.063013698630137,66.98898963930779
3.0657534246575344,66.45509488339584
3.0684931506849313,66.45509488339584
3.0712328767123287,66.45509488339584
3.073972602739726,66.45509488339584
3.0767123287671234,66.45509488339584
3.0794520547945203,66.45509488339584
3.0821917808219177,66.45509488339584
3.084931506849315,66.45509488339584
3.0876712328767124,66.45509488339584
3.0904109589041098,66.45509488339584
3.0931506849315067,66.45509488339584
3.095890410958904,66.45509488339584
3.0986301369863014,66.45509488339584
3.1013698630136988,66.45509488339584
3.1041095890410957,66.45509488339584
3.106849315068493,66.45509488339584
3.1095890410958904,66.45509488339584
3.1123287671232878,66.45509488339584
3.115068493150685,66.45509488339584
3.117808219178082,66.45509488339584
3.1205479452054794,66.45509488339584
3.1232876712328768,66.45509488339584
3.126027397260274,66.45509488339584
3.128767123287671,66.45509488339584
3.1315068493150684,66.45509488339584
3.1342465753424658,66.45509488339584
3.136986301369863,66.45509488339584
3.1397260273972605,66.45509488339584
3.1424657534246574,66.45509488339584
3.1452054794520548,66.45509488339584
3.147945205479452,66.45509488339584
3.1506849315068495,66.45509488339584
3.1534246575342464,66.45509488339584
3.1561643835616437,66.45509488339584
3.158904109589041,66.45509488339584
3.1616438356164385,66.27314366007563
3.164383561643836,66.27314366007563
3.1671232876712327,66.27314366007563
3.16986301369863,66.27314366007563
3.1726027397260275,66.27314366007563
3.175342465753425,66.27314366007563
3.1780821917808217,66.27314366007563
3.180821917808219,66.27314366007563
3.1835616438356165,66.27314366007563
3.186301369863014,66.27314366007563
3.1890410958904107,66.27314366007563
3.191780821917808,66.27314366007563
3.1945205479452055,66.27314366007563
3.197260273972603,66.27314366007563
3.2,66.27314366007563
3.202739726027397,66.27314366007563
3.2054794520547945,66.27314366007563
3.208219178082192,66.27314366007563
3.210958904109589,66.27314366007563
3.213698630136986,66.27314366007563
3.2164383561643834,66.27314366007563
3.219178082191781,66.27314366007563
3.221917808219178,66.27314366007563
3.2246575342465755,66.27314366007563
3.2273972602739724,66.27314366007563
3.23013698630137,66.27314366007563
3.232876712328767,65.55594071650475
3.2356164383561645,65.12351708573232
3.2383561643835614,64.50381653231865
3.241095890410959,64.50381653231865
3.243835616438356,64.50381653231865
3.2465753424657535,64.50381653231865
3.249315068493151,64.09113602193615
3.252054794520548,63.96635874443505
3.254794520547945,63.96635874443505
3.2575342465753425,63.8506973176995
3.26027397260274,63.8506973176995
3.263013698630137,63.8506973176995
3.265753424657534,63.8506973176995
3.2684931506849315,63.8506973176995
3.271232876712329,63.8506973176995
3.2739726027397262,63.8506973176995
3.276712328767123,63.73091344472657
3.2794520547945205,63.73091344472657
3.282191780821918,63.73091344472657
3.2849315068493152,63.73091344472657
3.287671232876712,63.73091344472657
3.2904109589041095,63.73091344472657
3.293150684931507,63.73091344472657
3.2958904109589042,63.73091344472657
3.2986301369863016,63.73091344472657
3.3013698630136985,63.73091344472657
3.304109589041096,63.73091344472657
3.3068493150684932,63.73091344472657
3.3095890410958906,63.73091344472657
3.3123287671232875,61.840208127288356
3.315068493150685,60.94984381278382
3.317808219178082,60.94984381278382
3.3205479452054796,60.94984381278382
3.3232876712328765,60.94984381278382
3.326027397260274,60.655888240414455
3.328767123287671,60.49949095651517
3.3315068493150686,59.98978731838077
3.334246575342466,59.98978731838077
3.336986301369863,59.98978731838077
3.33972602739726,59.98978731838077
3.3424657534246576,59.98978731838077
3.345205479452055,59.98978731838077
3.347945205479452,59.98978731838077
3.350684931506849,59.98978731838077
3.3534246575342466,59.98978731838077
3.356164383561644,59.98978731838077
3.3589041095890413,59.98978731838077
3.361643835616438,59.98978731838077
3.3643835616438356,59.98978731838077
3.367123287671233,59.98978731838077
3.3698630136986303,58.969680534753486
3.372602739726027,58.86879956470739
3.3753424657534246,58.86879956470739
3.378082191780822,58.86879956470739
3.3808219178082193,58.86879956470739
3.3835616438356166,58.86879956470739
3.3863013698630136,58.40618544059231
3.389041095890411,58.13034120214204
3.3917808219178083,57.35711218861499
3.3945205479452056,57.35711218861499
3.3972602739726026,57.35711218861499
3.4,57.35711218861499
3.4027397260273973,57.35711218861499
3.4054794520547946,57.35711218861499
3.408219178082192,57.35711218861499
3.410958904109589,57.35711218861499
3.4136986301369863,57.35711218861499
3.4164383561643836,57.35711218861499
3.419178082191781,57.35711218861499
3.421917808219178,57.35711218861499
3.4246575342465753,57.35711218861499
3.4273972602739726,57.35711218861499
3.43013698630137,57.35711218861499
3.4328767123287673,57.35711218861499
3.4356164383561643,57.35711218861499
3.4383561643835616,57.35711218861499
3.441095890410959,57.35711218861499
3.4438356164383563,57.35711218861499
3.4465753424657533,57.35711218861499
3.4493150684931506,57.35711218861499
3.452054794520548,57.35711218861499
3.4547945205479453,57.35711218861499
3.4575342465753423,57.35711218861499
3.4602739726027396,57.35711218861499
3.463013698630137,57.35711218861499
3.4657534246575343,57.35711218861499
3.4684931506849317,57.35711218861499
3.4712328767123286,57.35711218861499
3.473972602739726,57.35711218861499
3.4767123287671233,57.35711218861499
3.4794520547945207,57.35711218861499
3.4821917808219176,57.35711218861499
3.484931506849315,57.35711218861499
3.4876712328767123,57.35711218861499
3.4904109589041097,57.35711218861499
3.493150684931507,57.35711218861499
3.495890410958904,57.35711218861499
3.4986301369863013,57.34461418941312
3.5013698630136987,57.34461418941312
3.504109589041096,57.34461418941312
3.506849315068493,57.34461418941312
3.5095890410958903,57.34461418941312
3.5123287671232877,57.34461418941312
3.515068493150685,57.34461418941312
3.5178082191780824,57.34461418941312
3.5205479452054793,57.34461418941312
3.5232876712328767,57.34461418941312
3.526027397260274,57.34461418941312
3.5287671232876714,57.34461418941312
3.5315068493150683,57.34461418941312
3.5342465753424657,57.34461418941312
3.536986301369863,57.34461418941312
3.5397260273972604,57.34461418941312
3.5424657534246577,57.34461418941312
3.5452054794520547,57.34461418941312
3.547945205479452,57.34461418941312
3.5506849315068494,57.34461418941312
3.5534246575342467,57.34461418941312
3.5561643835616437,57.34461418941312
3.558904109589041,57.34461418941312
3.5616438356164384,57.008853510360765
3.5643835616438357,56.33517100996811
3.5671232876712327,56.33517100996811
3.56986301369863,56.33517100996811
3.5726027397260274,56.33517100996811
3.5753424657534247,56.33517100996811
3.578082191780822,56.24927616332408
3.580821917808219,55.878974603200135
3.5835616438356164,55.878974603200135
3.5863013698630137,55.878974603200135
3.589041095890411,55.878974603200135
3.591780821917808,55.878974603200135
3.5945205479452054,55.878974603200135
3.5972602739726027,55.878974603200135
3.6,55.878974603200135
3.6027397260273974,55.878974603200135
3.6054794520547944,55.878974603200135
3.6082191780821917,55.878974603200135
3.610958904109589,55.878974603200135
3.6136986301369864,55.878974603200135
3.6164383561643834,55.878974603200135
3.6191780821917807,55.878974603200135
3.621917808219178,55.878974603200135
3.6246575342465754,55.878974603200135
3.627397260273973,55.878974603200135
3.6301369863013697,55.878974603200135
3.632876712328767,55.878974603200135
3.6356164383561644,55.878974603200135
3.638356164383562,55.878974603200135
3.6410958904109587,55.878974603200135
3.643835616438356,55.878974603200135
3.6465753424657534,55.878974603200135
3.649315068493151,55.878974603200135
3.652054794520548,55.878974603200135
3.654794520547945,55.878974603200135
3.6575342465753424,55.878974603200135
3.66027397260274,55.551844931375236
3.663013698630137,55.551844931375236
3.665753424657534,55.551844931375236
3.6684931506849314,55.551844931375236
3.671232876712329,55.551844931375236
3.673972602739726,55.551844931375236
3.6767123287671235,55.551844931375236
3.6794520547945204,55.551844931375236
3.682191780821918,55.551844931375236
3.684931506849315,55.551844931375236
3.6876712328767125,55.551844931375236
3.6904109589041094,55.551844931375236
3.6931506849315068,55.551844931375236
3.695890410958904,55.551844931375236
3.6986301369863015,55.551844931375236
3.7013698630136984,55.551844931375236
3.7041095890410958,55.551844931375236
3.706849315068493,55.551844931375236
3.7095890410958905,55.551844931375236
3.712328767123288,55.551844931375236
3.7150684931506848,55.551844931375236
3.717808219178082,55.551844931375236
3.7205479452054795,55.551844931375236
3.723287671232877,55.551844931375236
3.7260273972602738,55.551844931375236
3.728767123287671,55.551844931375236
3.7315068493150685,55.551844931375236
3.734246575342466,55.551844931375236
3.736986301369863,55.551844931375236
3.73972602739726,55.551844931375236
3.7424657534246575,55.551844931375236
3.745205479452055,55.551844931375236
3.747945205479452,55.551844931375236
3.750684931506849,55.551844931375236
3.7534246575342465,55.551844931375236
3.756164383561644,55.551844931375236
3.758904109589041,55.551844931375236
3.7616438356164386,55.551844931375236
3.7643835616438355,55.551844931375236
3.767123287671233,55.551844931375236
3.76986301369863,55.551844931375236
3.7726027397260276,55.551844931375236
3.7753424657534245,55.551844931375236
3.778082191780822,55.551844931375236
3.780821917808219,55.551844931375236
3.7835616438356166,55.551844931375236
3.786301369863014,55.551844931375236
3.789041095890411,55.551844931375236
3.791780821917808,55.551844931375236
3.7945205479452055,55.551844931375236
3.797260273972603,55.551844931375236
3.8,55.551844931375236
3.802739726027397,55.551844931375236
3.8054794520547945,55.551844931375236
3.808219178082192,55.551844931375236
3.8109589041095893,55.551844931375236
3.813698630136986,55.551844931375236
3.8164383561643835,55.551844931375236
3.819178082191781,55.551844931375236
3.8219178082191783,55.399973926381165
3.824657534246575,55.25175876840906
3.8273972602739725,54.823167930532115
3.83013698630137,54.823167930532115
3.8328767123287673,54.770853999920824
3.835616438356164,54.770853999920824
3.8383561643835615,54.770853999920824
3.841095890410959,54.770853999920824
3.8438356164383563,54.770853999920824
3.8465753424657536,54.770853999920824
3.8493150684931505,54.770853999920824
3.852054794520548,54.770853999920824
3.8547945205479452,54.770853999920824
3.8575342465753426,54.770853999920824
3.8602739726027395,54.770853999920824
3.863013698630137,54.770853999920824
3.8657534246575342,54.770853999920824
3.8684931506849316,54.770853999920824
3.871232876712329,54.770853999920824
3.873972602739726,54.770853999920824
3.8767123287671232,54.770853999920824
3.8794520547945206,54.770853999920824
3.882191780821918,54.770853999920824
3.884931506849315,54.770853999920824
3.8876712328767122,54.770853999920824
3.8904109589041096,54.770853999920824
3.893150684931507,54.770853999920824
3.8958904109589043,54.770853999920824
3.8986301369863012,54.770853999920824
3.9013698630136986,54.770853999920824
3.904109589041096,54.770853999920824
3.9068493150684933,54.770853999920824
3.9095890410958902,54.770853999920824
3.9123287671232876,54.770853999920824
3.915068493150685,54.770853999920824
3.9178082191780823,54.770853999920824
3.9205479452054797,54.770853999920824
3.9232876712328766,54.770853999920824
3.926027397260274,54.770853999920824
3.9287671232876713,54.770853999920824
3.9315068493150687,54.770853999920824
3.9342465753424656,54.770853999920824
3.936986301369863,54.770853999920824
3.9397260273972603,54.770853999920824
3.9424657534246577,54.770853999920824
3.9452054794520546,54.770853999920824
3.947945205479452,54.770853999920824
3.9506849315068493,54.770853999920824
3.9534246575342467,54.770853999920824
3.956164383561644,54.770853999920824
3.958904109589041,54.770853999920824
3.9616438356164383,54.770853999920824
3.9643835616438357,54.770853999920824
3.967123287671233,54.770853999920824
3.96986301369863,54.770853999920824
3.9726027397260273,54.770853999920824
3.9753424657534246,54.770853999920824
3.978082191780822,54.770853999920824
3.9808219178082194,54.770853999920824
3.9835616438356163,54.770853999920824
3.9863013698630136,54.770853999920824
3.989041095890411,54.770853999920824
3.9917808219178084,54.770853999920824
3.9945205479452053,54.770853999920824
3.9972602739726026,54.770853999920824
4.0,54.770853999920824
4.002739726027397,54.770853999920824
4.005479452054795,54.770853999920824
4.008219178082192,54.770853999920824
4.010958904109589,54.770853999920824
4.013698630136986,54.770853999920824
4.016438356164383,54.770853999920824
4.019178082191781,54.770853999920824
4.021917808219178,54.770853999920824
4.024657534246575,54.770853999920824
4.027397260273973,54.770853999920824
4.03013698630137,54.770853999920824
4.032876712328767,54.770853999920824
4.035616438356165,54.770853999920824
4.038356164383561,54.770853999920824
4.041095890410959,54.770853999920824
4.043835616438356,54.770853999920824
4.046575342465753,54.770853999920824
4.049315068493151,54.770853999920824
4.052054794520548,54.770853999920824
4.054794520547945,54.770853999920824
4.057534246575343,54.770853999920824
4.06027397260274,54.770853999920824
4.063013698630137,54.770853999920824
4.065753424657534,54.770853999920824
4.068493150684931,54.770853999920824
4.071232876712329,54.00905076586344
4.073972602739726,53.69246628524748
4.076712328767123,53.233867569195404
4.079452054794521,53.233867569195404
4.082191780821918,52.83327444361724
4.0849315068493155,52.83327444361724
4.087671232876712,52.83327444361724
4.090410958904109,52.83327444361724
4.093150684931507,52.83327444361724
4.095890410958904,52.83327444361724
4.098630136986301,52.83327444361724
4.101369863013699,52.76250156726703
4.104109589041096,52.76250156726703
4.1068493150684935,52.76250156726703
4.109589041095891,52.76250156726703
4.112328767123287,52.23947717088071
4.115068493150685,52.154466856741585
4.117808219178082,52.154466856741585
4.120547945205479,52.154466856741585
4.123287671232877,52.154466856741585
4.126027397260274,52.154466856741585
4.1287671232876715,52.154466856741585
4.131506849315069,52.154466856741585
4.134246575342465,52.154466856741585
4.136986301369863,52.154466856741585
4.13972602739726,52.154466856741585
4.142465753424657,52.154466856741585
4.145205479452055,52.154466856741585
4.147945205479452,52.154466856741585
4.1506849315068495,52.154466856741585
4.153424657534247,52.154466856741585
4.156164383561644,52.154466856741585
4.158904109589041,51.73042927400524
4.161643835616438,51.73042927400524
4.164383561643835,51.73042927400524
4.167123287671233,51.73042927400524
4.16986301369863,51.73042927400524
4.1726027397260275,51.73042927400524
4.175342465753425,51.73042927400524
4.178082191780822,51.43841329202347
4.1808219178082195,51.43841329202347
4.183561643835616,51.43841329202347
4.186301369863013,51.43841329202347
4.189041095890411,51.43841329202347
4.191780821917808,51.43841329202347
4.1945205479452055,51.43841329202347
4.197260273972603,51.43841329202347
4.2,51.43841329202347
4.2027397260273975,51.43841329202347
4.205479452054795,51.43841329202347
4.208219178082191,51.43841329202347
4.210958904109589,51.43841329202347
4.213698630136986,51.43841329202347
4.2164383561643834,51.43841329202347
4.219178082191781,51.43841329202347
4.221917808219178,51.43841329202347
4.2246575342465755,51.43841329202347
4.227397260273973,51.43841329202347
4.23013698630137,51.43841329202347
4.232876712328767,51.43841329202347
4.235616438356164,50.84245187358704
4.238356164383561,50.84245187358704
4.241095890410959,50.84245187358704
4.243835616438356,50.84245187358704
4.2465753424657535,50.84245187358704
4.249315068493151,50.73085446202769
4.252054794520548,50.73085446202769
4.254794520547946,50.73085446202769
4.257534246575342,50.73085446202769
4.260273972602739,50.73085446202769
4.263013698630137,50.73085446202769
4.265753424657534,50.73085446202769
4.2684931506849315,50.73085446202769
4.271232876712329,50.73085446202769
4.273972602739726,50.73085446202769
4.276712328767124,50.73085446202769
4.279452054794521,50.73085446202769
4.282191780821917,50.73085446202769
4.284931506849315,50.73085446202769
4.287671232876712,50.73085446202769
4.2904109589041095,50.73085446202769
4.293150684931507,50.73085446202769
4.295890410958904,50.73085446202769
4.298630136986302,50.73085446202769
4.301369863013699,50.73085446202769
4.304109589041096,50.73085446202769
4.306849315068493,50.73085446202769
4.30958904109589,50.73085446202769
4.3123287671232875,50.66408035022098
4.315068493150685,50.66408035022098
4.317808219178082,50.66408035022098
4.32054794520548,50.66408035022098
4.323287671232877,50.66408035022098
4.326027397260274,50.34030195801571
4.328767123287672,50.34030195801571
4.331506849315068,50.08626854188385
4.3342465753424655,50.08626854188385
4.336986301369863,50.08626854188385
4.33972602739726,50.08626854188385
4.342465753424658,50.08626854188385
4.345205479452055,50.08626854188385
4.347945205479452,49.20324299785226
4.35068493150685,48.91116233366476
4.353424657534247,48.91116233366476
4.3561643835616435,48.91116233366476
4.358904109589041,48.91116233366476
4.361643835616438,48.91116233366476
4.364383561643836,48.91116233366476
4.367123287671233,48.91116233366476
4.36986301369863,48.91116233366476
4.372602739726028,48.91116233366476
4.375342465753425,48.91116233366476
4.3780821917808215,48.91116233366476
4.380821917808219,48.91116233366476
4.383561643835616,48.91116233366476
4.3863013698630136,48.91116233366476
4.389041095890411,48.91116233366476
4.391780821917808,48.91116233366476
4.394520547945206,48.91116233366476
4.397260273972603,48.91116233366476
4.4,48.91116233366476
4.402739726027397,48.91116233366476
4.405479452054794,48.91116233366476
4.4082191780821915,48.91116233366476
4.410958904109589,48.91116233366476
4.413698630136986,48.91116233366476
4.416438356164384,48.91116233366476
4.419178082191781,48.91116233366476
4.421917808219178,48.91116233366476
4.424657534246576,48.91116233366476
4.427397260273972,48.91116233366476
4.4301369863013695,48.91116233366476
4.432876712328767,48.91116233366476
4.435616438356164,48.91116233366476
4.438356164383562,48.91116233366476
4.441095890410959,48.91116233366476
4.443835616438356,48.91116233366476
4.446575342465754,48.91116233366476
4.449315068493151,48.91116233366476
4.4520547945205475,48.91116233366476
4.454794520547945,48.91116233366476
4.457534246575342,48.91116233366476
4.46027397260274,48.91116233366476
4.463013698630137,48.91116233366476
4.465753424657534,48.91116233366476
4.468493150684932,48.91116233366476
4.471232876712329,48.91116233366476
4.473972602739726,48.91116233366476
4.476712328767123,48.91116233366476
4.47945205479452,48.91116233366476
4.482191780821918,48.91116233366476
4.484931506849315,48.91116233366476
4.487671232876712,48.91116233366476
4.49041095890411,48.91116233366476
4.493150684931507,48.91116233366476
4.495890410958904,48.91116233366476
4.498630136986302,48.54146687028937
4.501369863013698,48.54146687028937
4.504109589041096,48.54146687028937
4.506849315068493,48.54146687028937
4.50958904109589,48.54146687028937
4.512328767123288,48.54146687028937
4.515068493150685,48.54146687028937
4.517808219178082,48.54146687028937
4.52054794520548,48.54146687028937
4.523287671232877,48.314456862590745
4.526027397260274,48.314456862590745
4.528767123287671,48.314456862590745
4.531506849315068,48.314456862590745
4.534246575342466,48.314456862590745
4.536986301369863,48.15749695126595
4.53972602739726,48.12732121736352
4.542465753424658,48.12732121736352
4.545205479452055,48.12732121736352
4.5479452054794525,48.12732121736352
4.550684931506849,48.12732121736352
4.553424657534246,48.12732121736352
4.556164383561644,48.12732121736352
4.558904109589041,48.12732121736352
4.561643835616438,48.12732121736352
4.564383561643836,48.12732121736352
4.567123287671233,48.12732121736352
4.5698630136986305,48.12732121736352
4.572602739726028,48.11651793592101
4.575342465753424,47.9412900323958
4.578082191780822,47.90914575655409
4.580821917808219,47.63691610666344
4.583561643835616,47.63691610666344
4.586301369863014,47.63691610666344
4.589041095890411,47.63691610666344
4.5917808219178085,47.63691610666344
4.594520547945206,47.63691610666344
4.597260273972603,47.63691610666344
4.6,47.63691610666344
4.602739726027397,47.63691610666344
4.605479452054794,47.63691610666344
4.608219178082192,47.63691610666344
4.610958904109589,47.63691610666344
4.6136986301369864,47.63691610666344
4.616438356164384,47.63691610666344
4.619178082191781,47.63691610666344
4.6219178082191785,47.63691610666344
4.624657534246575,47.63691610666344
4.627397260273972,47.63691610666344
4.63013698630137,47.63691610666344
4.632876712328767,47.63691610666344
4.635616438356164,47.63691610666344
4.638356164383562,47.63691610666344
4.641095890410959,47.63691610666344
4.6438356164383565,47.63691610666344
4.646575342465753,47.63691610666344
4.64931506849315,47.63691610666344
4.652054794520548,47.63691610666344
4.654794520547945,47.63691610666344
4.657534246575342,47.30137508896598
4.66027397260274,47.30137508896598
4.663013698630137,47.30137508896598
4.6657534246575345,47.30137508896598
4.668493150684932,47.30137508896598
4.671232876712328,47.30137508896598
4.673972602739726,47.30137508896598
4.676712328767123,47.30137508896598
4.67945205479452,47.30137508896598
4.682191780821918,47.30137508896598
4.684931506849315,47.30137508896598
4.6876712328767125,47.30137508896598
4.69041095890411,47.30137508896598
4.693150684931507,47.30137508896598
4.695890410958904,47.30137508896598
4.698630136986301,47.30137508896598
4.701369863013698,47.30137508896598
4.704109589041096,47.30137508896598
4.706849315068493,47.30137508896598
4.7095890410958905,47.30137508896598
4.712328767123288,47.30137508896598
4.715068493150685,47.30137508896598
4.717808219178083,47.30137508896598
4.720547945205479,47.30137508896598
4.723287671232876,47.30137508896598
4.726027397260274,47.30137508896598
4.728767123287671,47.30137508896598
4.7315068493150685,47.30137508896598
4.734246575342466,47.209163606350266
4.736986301369863,47.209163606350266
4.739726027397261,47.209163606350266
4.742465753424658,47.209163606350266
4.745205479452054,47.06214841095271
4.747945205479452,47.00087515765389
4.750684931506849,46.749961243700675
4.7534246575342465,46.749961243700675
4.756164383561644,46.749961243700675
4.758904109589041,46.749961243700675
4.761643835616439,46.749961243700675
4.764383561643836,46.749961243700675
4.767123287671233,46.749961243700675
4.76986301369863,46.749961243700675
4.772602739726027,46.749961243700675
4.7753424657534245,46.749961243700675
4.778082191780822,46.749961243700675
4.780821917808219,46.749961243700675
4.7835616438356166,46.749961243700675
4.786301369863014,46.749961243700675
4.789041095890411,46.749961243700675
4.791780821917809,46.749961243700675
4.794520547945205,46.749961243700675
4.7972602739726025,46.749961243700675
4.8,46.749961243700675
4.802739726027397,46.749961243700675
4.8054794520547945,46.749961243700675
4.808219178082192,46.749961243700675
4.810958904109589,46.749961243700675
4.813698630136987,46.749961243700675
4.816438356164384,46.749961243700675
4.8191780821917805,46.749961243700675
4.821917808219178,46.749961243700675
4.824657534246575,46.749961243700675
4.8273972602739725,46.749961243700675
4.83013698630137,46.69668698562915
4.832876712328767,46.69668698562915
4.835616438356165,46.69668698562915
4.838356164383562,46.69668698562915
4.841095890410959,46.69668698562915
4.843835616438356,46.69668698562915
4.846575342465753,46.69668698562915
4.8493150684931505,46.69668698562915
4.852054794520548,46.69668698562915
4.854794520547945,46.69668698562915
4.857534246575343,46.69668698562915
4.86027397260274,46.69668698562915
4.863013698630137,46.69668698562915
4.865753424657535,46.69668698562915
4.868493150684931,46.69668698562915
4.8712328767123285,46.69668698562915
4.873972602739726,46.69668698562915
4.876712328767123,46.69668698562915
4.879452054794521,46.69668698562915
4.882191780821918,46.69668698562915
4.884931506849315,46.69668698562915
4.887671232876713,46.69668698562915
4.890410958904109,46.69668698562915
4.8931506849315065,46.69668698562915
4.895890410958904,46.69668698562915
4.898630136986301,46.69668698562915
4.901369863013699,46.69668698562915
4.904109589041096,46.69668698562915
4.906849315068493,46.69668698562915
4.909589041095891,46.69668698562915
4.912328767123288,46.69668698562915
4.9150684931506845,46.69668698562915
4.917808219178082,46.69668698562915
4.920547945205479,46.69668698562915
4.923287671232877,46.69668698562915
4.926027397260274,46.69668698562915
4.928767123287671,46.69668698562915
4.931506849315069,46.69668698562915
4.934246575342466,46.69668698562915
4.936986301369863,46.69668698562915
4.93972602739726,46.69668698562915
4.942465753424657,46.69668698562915
4.945205479452055,46.69668698562915
4.947945205479452,46.69668698562915
4.950684931506849,46.69668698562915
4.953424657534247,46.69668698562915
4.956164383561644,46.69668698562915
4.958904109589041,46.69668698562915
4.961643835616439,46.69668698562915
4.964383561643835,46.69668698562915
4.967123287671233,46.69668698562915
4.96986301369863,46.69668698562915
4.972602739726027,46.69668698562915
4.975342465753425,46.69668698562915
4.978082191780822,46.69668698562915
4.980821917808219,46.69668698562915
4.983561643835617,46.52877030974298
4.986301369863014,46.52877030974298
4.989041095890411,46.52877030974298
4.991780821917808,46.52877030974298
4.994520547945205,46.52877030974298
4.997260273972603,46.52877030974298
5.0,46.52877030974298
