Date,Balance,KMeans_Cluster,KMeans_Core_Label,KMeans_Core_Probability
2016-12-31,10000.0,0,1,1
2017-01-01,9805.490428338524,0,1,1
2017-01-02,9666.725902874894,0,1,1
2017-01-03,9790.764802317157,0,1,1
2017-01-04,9823.080103458042,0,1,1
2017-01-05,9857.705993614012,0,1,1
2017-01-06,9878.315111927655,0,1,1
2017-01-07,9779.91607411131,0,1,1
2017-01-08,9679.879175896767,0,1,1
2017-01-09,9720.027201442645,0,1,1
2017-01-10,9699.437221351252,0,1,1
2017-01-11,9674.585102249102,0,1,1
2017-01-12,9683.164668811243,0,1,1
2017-01-13,9691.541205437265,0,1,1
2017-01-14,9595.873656112271,0,1,1
2017-01-15,9510.98045073734,0,1,1
2017-01-16,9551.56491014066,0,1,1
2017-01-17,9678.755302408284,0,1,1
2017-01-18,9706.215696382844,0,1,1
2017-01-19,10121.525685733206,0,1,1
2017-01-20,10240.351540899876,0,1,1
2017-01-21,10133.96540386214,0,1,1
2017-01-22,10039.14177112627,0,1,1
2017-01-23,10163.878204920326,0,1,1
2017-01-24,10347.539826089416,0,1,1
2017-01-25,10559.755912326063,0,1,1
2017-01-26,10695.651424386217,0,1,1
2017-01-27,10785.319897762738,0,1,1
2017-01-28,10716.022638073542,0,1,1
2017-01-29,10589.720901875891,0,1,1
2017-01-30,10597.537400447134,0,1,1
2017-01-31,10582.133288473284,0,1,1
2017-02-01,10319.741494242731,0,1,1
2017-02-02,10307.98304206539,0,1,1
2017-02-03,10279.797085005182,0,1,1
2017-02-04,10200.045671876183,0,1,1
2017-02-05,10106.653065336834,0,1,1
2017-02-06,10124.89044124474,0,1,1
2017-02-07,10127.243960458576,0,1,1
2017-02-08,10102.746918845934,0,1,1
2017-02-09,10000.444803419765,0,1,1
2017-02-10,10005.835215699351,0,1,1
2017-02-11,9921.92095578102,0,1,1
2017-02-12,9834.2340170537,0,1,1
2017-02-13,9845.47941676484,0,1,1
2017-02-14,9840.08255076959,0,1,1
2017-02-15,9837.683203276054,0,1,1
2017-02-16,10079.577715338875,0,1,1
2017-02-17,10087.307915084071,0,1,1
2017-02-18,10003.293164636283,0,1,1
2017-02-19,9925.66968552726,0,1,1
2017-02-20,10130.010292531584,0,1,1
2017-02-21,10172.890335295231,0,1,1
2017-02-22,10213.347201246725,0,1,1
2017-02-23,10627.601438040105,0,1,1
2017-02-24,10809.85835237983,0,1,1
2017-02-25,10714.033695080236,0,1,1
2017-02-26,10609.224611577789,0,1,1
2017-02-27,10750.869305468128,0,1,1
2017-02-28,10969.76592156215,0,1,1
2017-03-01,10852.236475437716,0,1,1
2017-03-02,10823.145500997289,0,1,1
2017-03-03,10777.809755247848,0,1,1
2017-03-04,10656.451140058083,0,1,1
2017-03-05,10545.70689036869,0,1,1
2017-03-06,10603.250978436226,0,1,1
2017-03-07,10629.861935718362,0,1,1
2017-03-08,10581.622766128634,0,1,1
2017-03-09,10553.872667121072,0,1,1
2017-03-10,10534.691727979,0,1,1
2017-03-11,10499.776851017314,0,1,1
2017-03-12,10398.707286759003,0,1,1
2017-03-13,10394.97985757528,0,1,1
2017-03-14,10385.46846252526,0,1,1
2017-03-15,10370.670205071769,0,1,1
2017-03-16,10425.243845359064,0,1,1
2017-03-17,10414.459630384765,0,1,1
2017-03-18,10321.49062501514,0,1,1
2017-03-19,10229.692338241404,0,1,1
2017-03-20,10360.698106083995,0,1,1
2017-03-21,10329.99036443742,0,1,1
2017-03-22,10404.93578952682,0,1,1
2017-03-23,10878.346984002714,0,1,1
2017-03-24,11103.328328181728,0,1,1
2017-03-25,10989.278795263648,0,1,1
2017-03-26,10892.49594249633,0,1,1
2017-03-27,10945.545404739998,0,1,1
2017-03-28,11030.206094627349,0,1,1
2017-03-29,11033.118319275036,0,1,1
2017-03-30,11113.388003861884,0,1,1
2017-03-31,11225.416675891818,0,1,1
2017-04-01,11007.8416349353,0,1,1
2017-04-02,10883.002136415846,0,1,1
2017-04-03,10910.143917569863,0,1,1
2017-04-04,10868.10765538453,0,1,1
2017-04-05,10868.430399288382,0,1,1
2017-04-06,10871.7599118535,0,1,1
2017-04-07,10870.695808316212,0,1,1
2017-04-08,10809.255627277533,0,1,1
2017-04-09,10708.751777016832,0,1,1
2017-04-10,10705.194332071129,0,1,1
2017-04-11,10675.26397974173,0,1,1
2017-04-12,10635.72801932221,0,1,1
2017-04-13,10622.08518380847,0,1,1
2017-04-14,10621.52728393141,0,1,1
2017-04-15,10533.361982082932,0,1,1
2017-04-16,10449.237471586415,0,1,1
2017-04-17,10453.862161913066,0,1,1
2017-04-18,10424.407853456418,0,1,1
2017-04-19,10543.33149219913,0,1,1
2017-04-20,10547.295774018134,0,1,1
2017-04-21,10849.113664768012,0,1,1
2017-04-22,10784.865704337488,0,1,1
2017-04-23,10704.18363037129,0,1,1
2017-04-24,10623.84945071933,0,1,1
2017-04-25,10699.516093316508,0,1,1
2017-04-26,10793.631340104335,0,1,1
2017-04-27,10850.042818170925,0,1,1
2017-04-28,11046.875394122731,0,1,1
2017-04-29,10936.213539968943,0,1,1
2017-04-30,10862.127458632249,0,1,1
2017-05-01,10542.308510492756,0,1,1
2017-05-02,10561.65019908946,0,1,1
2017-05-03,10543.109091106677,0,1,1
2017-05-04,10516.999312387185,0,1,1
2017-05-05,10539.621050557162,0,1,1
2017-05-06,10434.316652510955,0,1,1
2017-05-07,10335.347778934378,0,1,1
2017-05-08,10344.525593741737,0,1,1
2017-05-09,10315.38464687746,0,1,1
2017-05-10,10217.423158135918,0,1,1
2017-05-11,10215.83880038702,0,1,1
2017-05-12,10208.078838616197,0,1,1
2017-05-13,10115.010357401656,0,1,1
2017-05-14,9963.236051562077,0,1,1
2017-05-15,9971.676565034822,0,1,1
2017-05-16,9964.039454919664,0,1,1
2017-05-17,10095.441748995418,0,1,1
2017-05-18,10083.400363413377,0,1,1
2017-05-19,10062.792331998824,0,1,1
2017-05-20,9972.405340077075,0,1,1
2017-05-21,9885.242477732138,0,1,1
2017-05-22,9963.333805608752,0,1,1
2017-05-23,9957.971223657036,0,1,1
2017-05-24,10011.320088605022,0,1,1
2017-05-25,10552.288714994282,0,1,1
2017-05-26,10656.026779780665,0,1,1
2017-05-27,10550.467160457056,0,1,1
2017-05-28,10456.50666855598,0,1,1
2017-05-29,10481.902150052068,0,1,1
2017-05-30,10516.37484561634,0,1,1
2017-05-31,10569.209492299706,0,1,1
2017-06-01,10457.424763158402,0,1,1
2017-06-02,10468.531500477267,0,1,1
2017-06-03,10350.922590143944,0,1,1
2017-06-04,10241.640336269797,0,1,1
2017-06-05,10303.380636162225,0,1,1
2017-06-06,10324.187510327358,0,1,1
2017-06-07,10328.300249988122,0,1,1
2017-06-08,10381.205004453106,0,1,1
2017-06-09,10345.015036287625,0,1,1
2017-06-10,10234.39361094487,0,1,1
2017-06-11,10140.709382041676,0,1,1
2017-06-12,10008.65955578106,0,1,1
2017-06-13,10200.34292882751,0,1,1
2017-06-14,10202.55162408058,0,1,1
2017-06-15,10619.00759855991,0,1,1
2017-06-16,10871.44045457269,0,1,1
2017-06-17,10752.889896614388,0,1,1
2017-06-18,10693.197840188745,0,1,1
2017-06-19,10731.518911550624,0,1,1
2017-06-20,10852.548860637567,0,1,1
2017-06-21,10945.24223729104,0,1,1
2017-06-22,11103.036634559156,0,1,1
2017-06-23,11256.922209467752,0,1,1
2017-06-24,11161.988376277672,0,1,1
2017-06-25,11095.71857116928,0,1,1
2017-06-26,11022.792790944755,0,1,1
2017-06-27,10919.65961738265,0,1,1
2017-06-28,10936.26668080931,0,1,1
2017-06-29,10915.172588216396,0,1,1
2017-06-30,10986.4639430428,0,1,1
2017-07-01,10774.037754308178,0,1,1
2017-07-02,10650.849560596738,0,1,1
2017-07-03,10682.792830213348,0,1,1
2017-07-04,10641.160243228933,0,1,1
2017-07-05,10655.408230530646,0,1,1
2017-07-06,10585.36655942476,0,1,1
2017-07-07,10566.021648066577,0,1,1
2017-07-08,10469.524647919716,0,1,1
2017-07-09,10376.48883969449,0,1,1
2017-07-10,10362.838552854626,0,1,1
2017-07-11,10355.749282566358,0,1,1
2017-07-12,10304.699220356237,0,1,1
2017-07-13,10551.760348566337,0,1,1
2017-07-14,10531.657604178738,0,1,1
2017-07-15,10448.070106865,0,1,1
2017-07-16,10375.577481699516,0,1,1
2017-07-17,10390.29035126096,0,1,1
2017-07-18,10370.063516041124,0,1,1
2017-07-19,10493.005326505949,0,1,1
2017-07-20,11078.82406823643,0,1,1
2017-07-21,11074.357340359944,0,1,1
2017-07-22,11014.988784298068,0,1,1
2017-07-23,10938.31818052675,0,1,1
2017-07-24,11010.808115106423,0,1,1
2017-07-25,11509.128922962958,0,1,1
2017-07-26,11544.61182533416,0,1,1
2017-07-27,11593.060518945533,0,1,1
2017-07-28,11720.328538296617,0,1,1
2017-07-29,11606.844559440264,0,1,1
2017-07-30,11514.859908791532,0,1,1
2017-07-31,11599.0728074146,0,1,1
2017-08-01,11502.656548351528,0,1,1
2017-08-02,11478.393985151506,0,1,1
2017-08-03,11455.887254595453,0,1,1
2017-08-04,11760.05587120238,0,1,1
2017-08-05,11660.294933508616,0,1,1
2017-08-06,11564.924352347964,0,1,1
2017-08-07,11621.188938923324,0,1,1
2017-08-08,11586.818745934155,0,1,1
2017-08-09,11537.518952392162,0,1,1
2017-08-10,11736.75291071588,0,1,1
2017-08-11,11731.133996247016,0,1,1
2017-08-12,11631.471411700511,0,1,1
2017-08-13,11550.950209658038,0,1,1
2017-08-14,11548.068053906276,0,1,1
2017-08-15,11549.33417552104,0,1,1
2017-08-16,11600.54602463181,0,1,1
2017-08-17,11605.297230653783,0,1,1
2017-08-18,11722.186533405564,0,1,1
2017-08-19,11639.57391606614,0,1,1
2017-08-20,11553.199324716106,0,1,1
2017-08-21,11542.274597460102,0,1,1
2017-08-22,11568.217611022272,0,1,1
2017-08-23,11569.126101041526,0,1,1
2017-08-24,12009.572093668288,0,1,1
2017-08-25,12212.2665141097,0,1,1
2017-08-26,12121.824162347031,0,1,1
2017-08-27,12027.951566671709,0,1,1
2017-08-28,12120.603026113056,0,1,1
2017-08-29,12158.250408945913,0,1,1
2017-08-30,12315.99881556438,0,1,1
2017-08-31,12228.429102121703,0,1,1
2017-09-01,11964.422796861449,0,1,1
2017-09-02,11923.394950248645,0,1,1
2017-09-03,11833.523274058014,0,1,1
2017-09-04,11713.94987269572,0,1,1
2017-09-05,11843.76161189299,0,1,1
2017-09-06,11848.10114764154,0,1,1
2017-09-07,11989.676049525677,0,1,1
2017-09-08,11960.467268533996,0,1,1
2017-09-09,11862.216578551548,0,1,1
2017-09-10,11772.68301696991,0,1,1
2017-09-11,11775.29063666325,0,1,1
2017-09-12,11729.98277455364,0,1,1
2017-09-13,11711.829390571798,0,1,1
2017-09-14,11906.298791195664,0,1,1
2017-09-15,11957.422149931344,0,1,1
2017-09-16,11875.87021712272,0,1,1
2017-09-17,11763.89287784434,0,1,1
2017-09-18,11760.35001259201,0,1,1
2017-09-19,11904.63576613296,0,1,1
2017-09-20,11918.552460678837,0,1,1
2017-09-21,11984.653907670883,0,1,1
2017-09-22,11922.81078230384,0,1,1
2017-09-23,11837.717944888209,0,1,1
2017-09-24,11759.858077658504,0,1,1
2017-09-25,12317.5274155146,0,1,1
2017-09-26,12369.153674646775,0,1,1
2017-09-27,12420.995472850247,0,1,1
2017-09-28,12530.142992497522,0,1,1
2017-09-29,12638.654937156016,0,1,1
2017-09-30,12555.35413761761,0,1,1
2017-10-01,12322.980655287272,0,1,1
2017-10-02,12325.057549243107,0,1,1
2017-10-03,12286.98128884056,0,1,1
2017-10-04,12271.713317330134,0,1,1
2017-10-05,12292.093404906182,0,1,1
2017-10-06,12297.83086321053,0,1,1
2017-10-07,12197.258288726402,0,1,1
2017-10-08,12094.599828909551,0,1,1
2017-10-09,12209.366374220906,0,1,1
2017-10-10,12192.418767166446,0,1,1
2017-10-11,12539.94954957626,0,1,1
2017-10-12,12506.614312254918,0,1,1
2017-10-13,12544.320005134256,0,1,1
2017-10-14,12438.438276485364,0,1,1
2017-10-15,12350.89693112083,0,1,1
2017-10-16,12356.83144444404,0,1,1
2017-10-17,12337.41732638324,0,1,1
2017-10-18,12252.837566902446,0,1,1
2017-10-19,12249.405180596985,0,1,1
2017-10-20,12253.573052483904,0,1,1
2017-10-21,12157.026774334145,0,1,1
2017-10-22,12087.824242638222,0,1,1
2017-10-23,12100.885655826578,0,1,1
2017-10-24,12120.823776499778,0,1,1
2017-10-25,12270.582971900178,0,1,1
2017-10-26,12175.602292635009,0,1,1
2017-10-27,12301.583039770963,0,1,1
2017-10-28,12216.284675840265,0,1,1
2017-10-29,12108.182161165476,0,1,1
2017-10-30,12179.917889175807,0,1,1
2017-10-31,12252.506822701753,0,1,1
2017-11-01,12157.804590028274,0,1,1
2017-11-02,12161.71939288559,0,1,1
2017-11-03,12157.88810357151,0,1,1
2017-11-04,12057.823973809098,0,1,1
2017-11-05,11958.133577694834,0,1,1
2017-11-06,11987.180650269622,0,1,1
2017-11-07,12003.599109513763,0,1,1
2017-11-08,11964.285564636735,0,1,1
2017-11-09,12011.53014913022,0,1,1
2017-11-10,11995.519593354802,0,1,1
2017-11-11,11884.675806078354,0,1,1
2017-11-12,11788.099848364338,0,1,1
2017-11-13,11781.939989537366,0,1,1
2017-11-14,11772.223771654537,0,1,1
2017-11-15,11781.388560355055,0,1,1
2017-11-16,11758.208945758155,0,1,1
2017-11-17,11745.933120827269,0,1,1
2017-11-18,11661.768331737148,0,1,1
2017-11-19,11583.036434289028,0,1,1
2017-11-20,11739.29048811582,0,1,1
2017-11-21,11726.092047098917,0,1,1
2017-11-22,11759.19120005902,0,1,1
2017-11-23,12169.608123761656,0,1,1
2017-11-24,12450.777257033174,0,1,1
2017-11-25,12362.869171801756,0,1,1
2017-11-26,12276.920388053912,0,1,1
2017-11-27,12343.560955280109,0,1,1
2017-11-28,12433.991229152689,0,1,1
2017-11-29,12466.883594395826,0,1,1
2017-11-30,12593.709077391575,0,1,1
2017-12-01,12312.35048605565,0,1,1
2017-12-02,12188.310096134444,0,1,1
2017-12-03,12081.034895231787,0,1,1
2017-12-04,12175.019122532196,0,1,1
2017-12-05,12190.527754802337,0,1,1
2017-12-06,12183.286107708858,0,1,1
2017-12-07,12218.770491653891,0,1,1
2017-12-08,12428.74702896335,0,1,1
2017-12-09,12330.186644574658,0,1,1
2017-12-10,12240.492046021876,0,1,1
2017-12-11,12227.586690420005,0,1,1
2017-12-12,12182.911359411792,0,1,1
2017-12-13,12141.50484346062,0,1,1
2017-12-14,12104.829762630365,0,1,1
2017-12-15,12140.65843248914,0,1,1
2017-12-16,12051.408024090466,0,1,1
2017-12-17,11969.619823332734,0,1,1
2017-12-18,12035.393496752047,0,1,1
2017-12-19,12191.548082036115,0,1,1
2017-12-20,12294.715142770418,0,1,1
2017-12-21,12740.2968614781,0,1,1
2017-12-22,12974.075632438717,0,1,1
2017-12-23,12881.444480639451,0,1,1
2017-12-24,12777.376852648862,0,1,1
2017-12-25,12674.705341968953,0,1,1
2017-12-26,12682.172274961278,0,1,1
2017-12-27,12724.833262142063,0,1,1
2017-12-28,12782.972850751594,0,1,1
2017-12-29,12915.005913725028,0,1,1
2017-12-30,12840.352901061366,0,1,1
2017-12-31,12790.624067817203,0,1,1
2018-01-01,12567.178155848676,0,1,1
2018-01-02,12583.173006739631,0,1,1
2018-01-03,12582.504800971788,0,1,1
2018-01-04,12563.469557126393,0,1,1
2018-01-05,12596.20246771876,0,1,1
2018-01-06,12484.629024209147,0,1,1
2018-01-07,12387.516557122255,0,1,1
2018-01-08,12540.559398753545,0,1,1
2018-01-09,12508.995478351228,0,1,1
2018-01-10,12477.444823603368,0,1,1
2018-01-11,12521.068644570592,0,1,1
2018-01-12,12470.69434506911,0,1,1
2018-01-13,12374.687966469884,0,1,1
2018-01-14,12281.686373956263,0,1,1
2018-01-15,12308.297170708842,0,1,1
2018-01-16,12305.597538845135,0,1,1
2018-01-17,12426.789926746584,0,1,1
2018-01-18,12413.225567033223,0,1,1
2018-01-19,12419.101044661737,0,1,1
2018-01-20,12318.462678290138,0,1,1
2018-01-21,12226.780587684283,0,1,1
2018-01-22,12279.003916499263,0,1,1
2018-01-23,12267.160978280654,0,1,1
2018-01-24,12326.479463131263,0,1,1
2018-01-25,12894.410813666876,0,1,1
2018-01-26,13038.764886367217,0,1,1
2018-01-27,12936.284703826072,0,1,1
2018-01-28,12841.699016086375,0,1,1
2018-01-29,12456.648952635172,0,1,1
2018-01-30,13123.275349298709,0,1,1
2018-01-31,13026.32397000149,0,1,1
2018-02-01,12755.381618930229,0,1,1
2018-02-02,12919.465274968974,0,1,1
2018-02-03,12784.107254872191,0,1,1
2018-02-04,12688.325767022134,0,1,1
2018-02-05,12890.568728953762,0,1,1
2018-02-06,12886.91503603022,0,1,1
2018-02-07,12896.958951079883,0,1,1
2018-02-08,13272.083800141934,0,1,1
2018-02-09,13283.951062328675,0,1,1
2018-02-10,13153.44454449744,0,1,1
2018-02-11,13027.628845493706,0,1,1
2018-02-12,13106.927618285295,0,1,1
2018-02-13,13162.94559500852,0,1,1
2018-02-14,13172.63271874942,0,1,1
2018-02-15,13315.442734753164,0,1,1
2018-02-16,13249.771571502057,0,1,1
2018-02-17,13184.306766978792,0,1,1
2018-02-18,13115.934567218472,0,1,1
2018-02-19,13085.04031700064,0,1,1
2018-02-20,13029.92248911199,0,1,1
2018-02-21,12979.544298609128,0,1,1
2018-02-22,12970.210734925971,0,1,1
2018-02-23,13066.852542351342,0,1,1
2018-02-24,12966.146123736366,0,1,1
2018-02-25,12886.394143945152,0,1,1
2018-02-26,13043.248326243349,0,1,1
2018-02-27,13160.385874657706,0,1,1
2018-02-28,13360.934601048262,0,1,1
2018-03-01,13326.88174928844,0,1,1
2018-03-02,13283.502960602367,0,1,1
2018-03-03,13148.46884361807,0,1,1
2018-03-04,13022.880594812576,0,1,1
2018-03-05,13061.845593330898,0,1,1
2018-03-06,13048.947617754857,0,1,1
2018-03-07,13036.644714740934,0,1,1
2018-03-08,13008.543256545365,0,1,1
2018-03-09,13006.377853157486,0,1,1
2018-03-10,12903.6396362128,0,1,1
2018-03-11,12806.924772106331,0,1,1
2018-03-12,12767.473356264374,0,1,1
2018-03-13,12732.161480326602,0,1,1
2018-03-14,12702.608049320672,0,1,1
2018-03-15,12760.162911747417,0,1,1
2018-03-16,12729.10375415756,0,1,1
2018-03-17,12633.893427623929,0,1,1
2018-03-18,12551.988423624683,0,1,1
2018-03-19,12622.285563095258,0,1,1
2018-03-20,12747.842044324265,0,1,1
2018-03-21,12745.722795618272,0,1,1
2018-03-22,13173.12736739829,0,1,1
2018-03-23,13536.351929235369,0,1,1
2018-03-24,13410.213558043652,0,1,1
2018-03-25,13320.26248959747,0,1,1
2018-03-26,13409.73740689394,0,1,1
2018-03-27,13465.036283805332,0,1,1
2018-03-28,13572.729783118612,0,1,1
2018-03-29,13627.20289153297,0,1,1
2018-03-30,13728.01119013671,0,1,1
2018-03-31,13632.993550128243,0,1,1
2018-04-01,13402.35985722237,0,1,1
2018-04-02,13394.055917714091,0,1,1
2018-04-03,13369.8189373094,0,1,1
2018-04-04,13371.573740343856,0,1,1
2018-04-05,13373.64711410734,0,1,1
2018-04-06,13371.869605876736,0,1,1
2018-04-07,13277.770700273592,0,1,1
2018-04-08,13175.934319267388,0,1,1
2018-04-09,13181.133081755415,0,1,1
2018-04-10,13157.737904577718,0,1,1
2018-04-11,13140.975329270075,0,1,1
2018-04-12,13122.330563659269,0,1,1
2018-04-13,13091.538222995188,0,1,1
2018-04-14,12997.652362377816,0,1,1
2018-04-15,12913.912180676163,0,1,1
2018-04-16,12927.695848937046,0,1,1
2018-04-17,12914.6529821963,0,1,1
2018-04-18,13042.488633766348,0,1,1
2018-04-19,13035.14918795813,0,1,1
2018-04-20,13048.494923689914,0,1,1
2018-04-21,12945.331287863224,0,1,1
2018-04-22,12879.2457166745,0,1,1
2018-04-23,12918.667761484789,0,1,1
2018-04-24,12969.21292309062,0,1,1
2018-04-25,13508.448709667304,0,1,1
2018-04-26,13589.564931797016,0,1,1
2018-04-27,13754.52701744863,0,1,1
2018-04-28,13664.96141056962,0,1,1
2018-04-29,13549.656679170788,0,1,1
2018-04-30,13708.043564617628,0,1,1
2018-05-01,13469.124879678142,0,1,1
2018-05-02,13457.78397978144,0,1,1
2018-05-03,13423.328054925278,0,1,1
2018-05-04,13428.682924987175,0,1,1
2018-05-05,13324.207240716072,0,1,1
2018-05-06,13219.36887974504,0,1,1
2018-05-07,13207.83359784846,0,1,1
2018-05-08,13190.360854738434,0,1,1
2018-05-09,13125.14811902808,0,1,1
2018-05-10,13334.359544681884,0,1,1
2018-05-11,13244.40690424526,0,1,1
2018-05-12,13148.546636099218,0,1,1
2018-05-13,13062.441969839469,0,1,1
2018-05-14,13144.99352034597,0,1,1
2018-05-15,13144.888177335695,0,1,1
2018-05-16,13154.2579327757,0,1,1
2018-05-17,13160.312069353193,0,1,1
2018-05-18,13289.37156799326,0,1,1
2018-05-19,13201.01515487527,0,1,1
2018-05-20,13107.431477495636,0,1,1
2018-05-21,13104.20211667374,0,1,1
2018-05-22,13170.850429332357,0,1,1
2018-05-23,13196.17834688226,0,1,1
2018-05-24,13630.941323818646,0,1,1
2018-05-25,13884.231882430617,0,1,1
2018-05-26,13776.401232635655,0,1,1
2018-05-27,13677.081399829513,0,1,1
2018-05-28,13817.63392291924,0,1,1
2018-05-29,13694.389408801702,0,1,1
2018-05-30,13763.5916752439,0,1,1
2018-05-31,13843.45589535456,0,1,1
2018-06-01,13653.830097564678,0,1,1
2018-06-02,13512.654270617271,0,1,1
2018-06-03,13386.986029766982,0,1,1
2018-06-04,13409.357252894624,0,1,1
2018-06-05,13443.152013376894,0,1,1
2018-06-06,13508.154118753358,0,1,1
2018-06-07,13563.970375126815,0,1,1
2018-06-08,13560.623708992967,0,1,1
2018-06-09,13431.0682042972,0,1,1
2018-06-10,13312.889560375012,0,1,1
2018-06-11,13362.06357461541,0,1,1
2018-06-12,13372.221565328928,0,1,1
2018-06-13,13441.845929757274,0,1,1
2018-06-14,13419.85224389029,0,1,1
2018-06-15,13360.791427739796,0,1,1
2018-06-16,13295.758566271476,0,1,1
2018-06-17,13226.79747618927,0,1,1
2018-06-18,13203.76509177484,0,1,1
2018-06-19,13158.23873379859,0,1,1
2018-06-20,13104.277923230906,0,1,1
2018-06-21,13056.0668464325,0,1,1
2018-06-22,13079.80968260378,0,1,1
2018-06-23,12984.15805734784,0,1,1
2018-06-24,12892.478767460334,0,1,1
2018-06-25,13043.98755450258,0,1,1
2018-06-26,13064.405012516629,0,1,1
2018-06-27,13112.800561345632,0,1,1
2018-06-28,13218.065389865124,0,1,1
2018-06-29,13323.54054576646,0,1,1
2018-06-30,13299.764005927742,0,1,1
2018-07-01,13068.357154169096,0,1,1
2018-07-02,13067.767294246309,0,1,1
2018-07-03,13057.068266027169,0,1,1
2018-07-04,13052.31462979904,0,1,1
2018-07-05,13067.659902999989,0,1,1
2018-07-06,13090.195092406995,0,1,1
2018-07-07,12982.64186042536,0,1,1
2018-07-08,12879.862651035162,0,1,1
2018-07-09,12867.4627964205,0,1,1
2018-07-10,12832.449063350605,0,1,1
2018-07-11,12803.57771210513,0,1,1
2018-07-12,12760.695846998544,0,1,1
2018-07-13,12879.80574859068,0,1,1
2018-07-14,12784.524267330627,0,1,1
2018-07-15,12695.700989495985,0,1,1
2018-07-16,12697.760129084594,0,1,1
2018-07-17,12680.19531663336,0,1,1
2018-07-18,13009.832065937857,0,1,1
2018-07-19,12991.2727779233,0,1,1
2018-07-20,12990.36204345861,0,1,1
2018-07-21,12887.379487703834,0,1,1
2018-07-22,12816.175443918326,0,1,1
2018-07-23,12819.457074921464,0,1,1
2018-07-24,12831.170318674544,0,1,1
2018-07-25,12997.975748019931,0,1,1
2018-07-26,13084.285204519769,0,1,1
2018-07-27,13185.112938420429,0,1,1
2018-07-28,13113.89704477517,0,1,1
2018-07-29,13002.357732437931,0,1,1
2018-07-30,13080.549152037289,0,1,1
2018-07-31,13153.810819523193,0,1,1
2018-08-01,13062.550439293473,0,1,1
2018-08-02,13027.364700524226,0,1,1
2018-08-03,13012.958625922623,0,1,1
2018-08-04,12908.160931291755,0,1,1
2018-08-05,12809.574047890035,0,1,1
2018-08-06,12859.14013022506,0,1,1
2018-08-07,12853.35418237678,0,1,1
2018-08-08,12818.4028745262,0,1,1
2018-08-09,12786.205649999049,0,1,1
2018-08-10,12904.05923367798,0,1,1
2018-08-11,12806.564791495564,0,1,1
2018-08-12,12708.42964016879,0,1,1
2018-08-13,12702.85506332258,0,1,1
2018-08-14,13026.306958564332,0,1,1
2018-08-15,13055.205310774536,0,1,1
2018-08-16,13068.173599306068,0,1,1
2018-08-17,13055.727077965352,0,1,1
2018-08-18,12952.754683600966,0,1,1
2018-08-19,12857.505372191175,0,1,1
2018-08-20,12574.106559253496,0,1,1
2018-08-21,12908.570371385737,0,1,1
2018-08-22,12850.077559925525,0,1,1
2018-08-23,12864.401536422394,0,1,1
2018-08-24,13010.469007286072,0,1,1
2018-08-25,12929.127090987628,0,1,1
2018-08-26,12846.298007554336,0,1,1
2018-08-27,12925.899908772675,0,1,1
2018-08-28,13011.11126378338,0,1,1
2018-08-29,13027.004758425124,0,1,1
2018-08-30,13134.112012758402,0,1,1
2018-08-31,13054.447674269157,0,1,1
2018-09-01,12843.947601450316,0,1,1
2018-09-02,12723.764520167304,0,1,1
2018-09-03,12765.901954444049,0,1,1
2018-09-04,12763.241897093916,0,1,1
2018-09-05,12765.229071887386,0,1,1
2018-09-06,12773.730939056524,0,1,1
2018-09-07,12782.915755659753,0,1,1
2018-09-08,12692.1291072972,0,1,1
2018-09-09,12679.787835522407,0,1,1
2018-09-10,12596.02645180819,0,1,1
2018-09-11,12506.776473645352,0,1,1
2018-09-12,12572.821416429706,0,1,1
2018-09-13,12547.014184157948,0,1,1
2018-09-14,12551.059089750675,0,1,1
2018-09-15,12471.224239899911,0,1,1
2018-09-16,12403.332566865542,0,1,1
2018-09-17,12320.142385075082,0,1,1
2018-09-18,12353.43922359563,0,1,1
2018-09-19,12496.657037690891,0,1,1
2018-09-20,12496.48006501468,0,1,1
2018-09-21,12535.084636324742,0,1,1
2018-09-22,12467.16306097948,0,1,1
2018-09-23,12383.008219675705,0,1,1
2018-09-24,12435.401698245125,0,1,1
2018-09-25,12942.38712584222,0,1,1
2018-09-26,13007.509105834704,0,1,1
2018-09-27,13085.941245561213,0,1,1
2018-09-28,13268.957681340344,0,1,1
2018-09-29,13161.881028785136,0,1,1
2018-09-30,13081.693437969196,0,1,1
2018-10-01,13025.71772854789,0,1,1
2018-10-02,12994.413155222584,0,1,1
2018-10-03,12956.821891599571,0,1,1
2018-10-04,12950.08578289479,0,1,1
2018-10-05,12963.89645223914,0,1,1
2018-10-06,12858.55539159292,0,1,1
2018-10-07,12768.789774205788,0,1,1
2018-10-08,12792.002117834863,0,1,1
2018-10-09,12751.849524973732,0,1,1
2018-10-10,12715.58466098323,0,1,1
2018-10-11,12688.983046533223,0,1,1
2018-10-12,12654.242545931502,0,1,1
2018-10-13,12564.748970695371,0,1,1
2018-10-14,12484.113065588004,0,1,1
2018-10-15,12489.610733281208,0,1,1
2018-10-16,12470.315648777909,0,1,1
2018-10-17,12582.613296571206,0,1,1
2018-10-18,12581.338157220414,0,1,1
2018-10-19,12585.872350493137,0,1,1
2018-10-20,12491.485698388831,0,1,1
2018-10-21,12407.675047535951,0,1,1
2018-10-22,12446.687185760724,0,1,1
2018-10-23,12436.76726501184,0,1,1
2018-10-24,12483.419532601663,0,1,1
2018-10-25,13041.852379014432,0,1,1
2018-10-26,13152.10412425847,0,1,1
2018-10-27,13031.466675817324,0,1,1
2018-10-28,12943.064662806177,0,1,1
2018-10-29,12976.586754098542,0,1,1
2018-10-30,13030.25233650218,0,1,1
2018-10-31,13101.19313722243,0,1,1
2018-11-01,13013.19562420404,0,1,1
2018-11-02,13002.625296876957,0,1,1
2018-11-03,12891.25836817219,0,1,1
2018-11-04,12799.552688507749,0,1,1
2018-11-05,12844.291007301135,0,1,1
2018-11-06,12746.377643171872,0,1,1
2018-11-07,12767.3423232946,0,1,1
2018-11-08,12733.839540134097,0,1,1
2018-11-09,12702.093646536096,0,1,1
2018-11-10,12606.927900972256,0,1,1
2018-11-11,12510.558851491112,0,1,1
2018-11-12,12485.844552238528,0,1,1
2018-11-13,12472.29361746247,0,1,1
2018-11-14,12452.4380501829,0,1,1
2018-11-15,12464.837081786742,0,1,1
2018-11-16,12447.337502337896,0,1,1
2018-11-17,12357.180669016365,0,1,1
2018-11-18,12284.681821306092,0,1,1
2018-11-19,12446.575325986574,0,1,1
2018-11-20,12359.65767072428,0,1,1
2018-11-21,12388.775002052083,0,1,1
2018-11-22,12803.431909489933,0,1,1
2018-11-23,12949.11953690538,0,1,1
2018-11-24,12839.490493770649,0,1,1
2018-11-25,12764.458583797646,0,1,1
2018-11-26,12857.960025458822,0,1,1
2018-11-27,12908.405026060114,0,1,1
2018-11-28,12992.021763559684,0,1,1
2018-11-29,13021.2072238336,0,1,1
2018-11-30,13157.72944815489,0,1,1
2018-12-01,12932.821114647206,0,1,1
2018-12-02,12796.779594839538,0,1,1
2018-12-03,12806.925780278254,0,1,1
2018-12-04,12816.446125919729,0,1,1
2018-12-05,12826.098058304511,0,1,1
2018-12-06,12810.6000614144,0,1,1
2018-12-07,12818.620658773154,0,1,1
2018-12-08,12709.697615074743,0,1,1
2018-12-09,12618.119410067884,0,1,1
2018-12-10,12604.883821359614,0,1,1
2018-12-11,12589.032144727,0,1,1
2018-12-12,12542.634156728249,0,1,1
2018-12-13,12516.99484152025,0,1,1
2018-12-14,12689.657106227492,0,1,1
2018-12-15,12607.468388319814,0,1,1
2018-12-16,12516.3680080308,0,1,1
2018-12-17,12558.940599349457,0,1,1
2018-12-18,12974.748962922698,0,1,1
2018-12-19,12977.806107884506,0,1,1
2018-12-20,13058.484002988478,0,1,1
2018-12-21,13240.356734891891,0,1,1
2018-12-22,13169.438461087366,0,1,1
2018-12-23,13060.691806305134,0,1,1
2018-12-24,13186.904295727138,0,1,1
2018-12-25,13092.169698003254,0,1,1
2018-12-26,13092.746646873304,0,1,1
2018-12-27,13159.623862035842,0,1,1
2018-12-28,13263.6847853646,0,1,1
2018-12-29,13152.515726437445,0,1,1
2018-12-30,13079.818482063536,0,1,1
2018-12-31,13228.402059670992,0,1,1
2019-01-01,12993.50544647885,0,1,1
2019-01-02,12983.880685680822,0,1,1
2019-01-03,12976.76475347527,0,1,1
2019-01-04,12975.803108403084,0,1,1
2019-01-05,12869.374693258556,0,1,1
2019-01-06,12759.90588646567,0,1,1
2019-01-07,12892.072987523376,0,1,1
2019-01-08,12872.42653914204,0,1,1
2019-01-09,12837.523604950147,0,1,1
2019-01-10,12801.95098870028,0,1,1
2019-01-11,12782.264969961088,0,1,1
2019-01-12,12673.573571067387,0,1,1
2019-01-13,12580.781377844423,0,1,1
2019-01-14,12589.887127110094,0,1,1
2019-01-15,12598.85044432916,0,1,1
2019-01-16,12585.637498896796,0,1,1
2019-01-17,12575.798350815176,0,1,1
2019-01-18,12757.520634286564,0,1,1
2019-01-19,12680.72330430298,0,1,1
2019-01-20,12590.587826280746,0,1,1
2019-01-21,12491.495398375484,0,1,1
2019-01-22,12624.153572885774,0,1,1
2019-01-23,12625.821048553287,0,1,1
2019-01-24,13053.511183418756,0,1,1
2019-01-25,13378.222771375202,0,1,1
2019-01-26,13279.464118081603,0,1,1
2019-01-27,13162.697972905906,0,1,1
2019-01-28,13365.989088302833,0,1,1
2019-01-29,13475.764629144564,0,1,1
2019-01-30,13561.851093584692,0,1,1
2019-01-31,13712.204835195487,0,1,1
2019-02-01,13316.549701902675,0,1,1
2019-02-02,13166.192898950472,0,1,1
2019-02-03,12915.948127561016,0,1,1
2019-02-04,13670.985371051394,0,1,1
2019-02-05,13598.673665125494,0,1,1
2019-02-06,13525.301516674226,0,1,1
2019-02-07,13526.522294032027,0,1,1
2019-02-08,13455.423830429714,0,1,1
2019-02-09,13360.843322736622,0,1,1
2019-02-10,13267.60953080767,0,1,1
2019-02-11,13220.097699330676,0,1,1
2019-02-12,13155.755762261197,0,1,1
2019-02-13,13093.962556302877,0,1,1
2019-02-14,13044.510915453868,0,1,1
2019-02-15,13059.397802795937,0,1,1
2019-02-16,12968.046656518416,0,1,1
2019-02-17,12887.020747522309,0,1,1
2019-02-18,12893.319349481271,0,1,1
2019-02-19,12918.875100861813,0,1,1
2019-02-20,13078.919459868614,0,1,1
2019-02-21,13056.663305740827,0,1,1
2019-02-22,13133.763994793666,0,1,1
2019-02-23,13038.517489623391,0,1,1
2019-02-24,12951.667589054869,0,1,1
2019-02-25,13520.25328389224,0,1,1
2019-02-26,13580.162492283787,0,1,1
2019-02-27,13770.644859823373,0,1,1
2019-02-28,13981.749680434754,0,1,1
2019-03-01,13646.308574151257,0,1,1
2019-03-02,13486.128154767708,0,1,1
2019-03-03,13353.246250794742,0,1,1
2019-03-04,13372.891665173378,0,1,1
2019-03-05,13366.359384837418,0,1,1
2019-03-06,13349.852748203326,0,1,1
2019-03-07,13328.63294268161,0,1,1
2019-03-08,13279.398528720214,0,1,1
2019-03-09,13167.940514927024,0,1,1
2019-03-10,13067.502296202338,0,1,1
2019-03-11,13054.095527833277,0,1,1
2019-03-12,13029.302261989682,0,1,1
2019-03-13,13000.240206854074,0,1,1
2019-03-14,12979.269892880033,0,1,1
2019-03-15,12963.655615241243,0,1,1
2019-03-16,12864.539502398977,0,1,1
2019-03-17,12778.780301565268,0,1,1
2019-03-18,12798.035610833678,0,1,1
2019-03-19,12793.656173456957,0,1,1
2019-03-20,12997.371750614022,0,1,1
2019-03-21,12965.854593053646,0,1,1
2019-03-22,13048.23654188591,0,1,1
2019-03-23,12948.69309235586,0,1,1
2019-03-24,12864.317497738535,0,1,1
2019-03-25,13459.262663030082,0,1,1
2019-03-26,13539.038329776797,0,1,1
2019-03-27,13581.629095487317,0,1,1
2019-03-28,13708.094269712852,0,1,1
2019-03-29,13790.080675733594,0,1,1
2019-03-30,13683.233442772713,0,1,1
2019-03-31,13579.463326870948,0,1,1
2019-04-01,13511.320592079486,0,1,1
2019-04-02,13483.32782296184,0,1,1
2019-04-03,13446.915761500326,0,1,1
2019-04-04,13468.213712501987,0,1,1
2019-04-05,13486.60388523974,0,1,1
2019-04-06,13374.168279033274,0,1,1
2019-04-07,13275.99280563812,0,1,1
2019-04-08,13292.223145019318,0,1,1
2019-04-09,13252.98397952995,0,1,1
2019-04-10,13227.503114831845,0,1,1
2019-04-11,13215.05307454549,0,1,1
2019-04-12,13240.700973216692,0,1,1
2019-04-13,13145.68517989181,0,1,1
2019-04-14,13058.699672810617,0,1,1
2019-04-15,13055.61389540746,0,1,1
2019-04-16,13035.78222886554,0,1,1
2019-04-17,13153.581851044231,0,1,1
2019-04-18,13133.003180093949,0,1,1
2019-04-19,13129.363030664485,0,1,1
2019-04-20,13034.40738985458,0,1,1
2019-04-21,12944.339441345415,0,1,1
2019-04-22,13007.40718021613,0,1,1
2019-04-23,13006.797700779256,0,1,1
2019-04-24,13047.420426000306,0,1,1
2019-04-25,13670.846143421724,0,1,1
2019-04-26,13827.591257699629,0,1,1
2019-04-27,13719.020244160036,0,1,1
2019-04-28,13626.645370853546,0,1,1
2019-04-29,13695.862584414204,0,1,1
2019-04-30,13888.987612328683,0,1,1
2019-05-01,13640.101773964454,0,1,1
2019-05-02,13625.811322498394,0,1,1
2019-05-03,13591.108024206082,0,1,1
2019-05-04,13479.650063546753,0,1,1
2019-05-05,13357.238726507816,0,1,1
2019-05-06,13379.363186021652,0,1,1
2019-05-07,13398.14318822661,0,1,1
2019-05-08,13403.652970083403,0,1,1
2019-05-09,13368.384217407298,0,1,1
2019-05-10,13335.528812254415,0,1,1
2019-05-11,13225.81722843069,0,1,1
2019-05-12,13123.128168082489,0,1,1
2019-05-13,13144.822805550037,0,1,1
2019-05-14,13126.526401012154,0,1,1
2019-05-15,13127.517332398676,0,1,1
2019-05-16,13126.202531501642,0,1,1
2019-05-17,13272.899711257358,0,1,1
2019-05-18,13170.91444223292,0,1,1
2019-05-19,13094.742206035327,0,1,1
2019-05-20,13002.165940918489,0,1,1
2019-05-21,13116.286776803488,0,1,1
2019-05-22,13028.02864167358,0,1,1
2019-05-23,13472.17995409955,0,1,1
2019-05-24,13710.080181760875,0,1,1
2019-05-25,13616.8488703223,0,1,1
2019-05-26,13515.694982214569,0,1,1
2019-05-27,13597.426997152186,0,1,1
2019-05-28,13726.042409234327,0,1,1
2019-05-29,13776.955621718222,0,1,1
2019-05-30,13846.899454214448,0,1,1
2019-05-31,13962.684022293668,0,1,1
2019-06-01,13721.776224985577,0,1,1
2019-06-02,13580.259324971545,0,1,1
2019-06-03,13675.004250670852,0,1,1
2019-06-04,13665.548455009372,0,1,1
2019-06-05,13587.024846027734,0,1,1
2019-06-06,13508.563798869893,0,1,1
2019-06-07,13530.557198110875,0,1,1
2019-06-08,13439.886684571831,0,1,1
2019-06-09,13346.514664048493,0,1,1
2019-06-10,13305.740226640724,0,1,1
2019-06-11,13264.425035800536,0,1,1
2019-06-12,13220.054669097786,0,1,1
2019-06-13,13214.000735853777,0,1,1
2019-06-14,13213.072778182348,0,1,1
2019-06-15,13121.512321368496,0,1,1
2019-06-16,13037.52852015266,0,1,1
2019-06-17,13041.063036324438,0,1,1
2019-06-18,13017.92515323831,0,1,1
2019-06-19,13156.155429863076,0,1,1
2019-06-20,13131.686560416025,0,1,1
2019-06-21,13159.802666577523,0,1,1
2019-06-22,13096.300543213392,0,1,1
2019-06-23,13007.19925567205,0,1,1
2019-06-24,13074.652648402858,0,1,1
2019-06-25,13592.74400425935,0,1,1
2019-06-26,13654.671462380931,0,1,1
2019-06-27,13721.453698841497,0,1,1
2019-06-28,13913.752908212187,0,1,1
2019-06-29,13800.054053715685,0,1,1
2019-06-30,13752.367556818665,0,1,1
2019-07-01,13689.88425370522,0,1,1
2019-07-02,13656.14555270915,0,1,1
2019-07-03,13639.002906041676,0,1,1
2019-07-04,13628.59015866034,0,1,1
2019-07-05,13662.63436058416,0,1,1
2019-07-06,13560.87731246607,0,1,1
2019-07-07,13453.81040436372,0,1,1
2019-07-08,13441.578900729435,0,1,1
2019-07-09,13399.44444462032,0,1,1
2019-07-10,13374.518044086788,0,1,1
2019-07-11,13337.295507952547,0,1,1
2019-07-12,13313.41806127614,0,1,1
2019-07-13,13217.012393423724,0,1,1
2019-07-14,13129.15415796302,0,1,1
2019-07-15,13141.474477602804,0,1,1
2019-07-16,13124.12080485809,0,1,1
2019-07-17,13249.861447210413,0,1,1
2019-07-18,13224.330277630792,0,1,1
2019-07-19,13229.669432656396,0,1,1
2019-07-20,13138.403838837468,0,1,1
2019-07-21,13057.96672803685,0,1,1
2019-07-22,13099.005754607211,0,1,1
2019-07-23,13100.783962601829,0,1,1
2019-07-24,13155.624589487044,0,1,1
2019-07-25,13722.995749334192,0,1,1
2019-07-26,13864.95984290112,0,1,1
2019-07-27,13762.140740847237,0,1,1
2019-07-28,13680.461214859875,0,1,1
2019-07-29,13758.492254448176,0,1,1
2019-07-30,13673.241113457074,0,1,1
2019-07-31,13796.340272453364,0,1,1
2019-08-01,13704.116154033623,0,1,1
2019-08-02,13663.987694511774,0,1,1
2019-08-03,13547.223963216184,0,1,1
2019-08-04,13440.219436816818,0,1,1
2019-08-05,13490.845953068934,0,1,1
2019-08-06,13476.290050959362,0,1,1
2019-08-07,13477.619999577437,0,1,1
2019-08-08,13444.084690302669,0,1,1
2019-08-09,13396.293184040383,0,1,1
2019-08-10,13296.95003627512,0,1,1
2019-08-11,13232.199505531058,0,1,1
2019-08-12,13142.542308762284,0,1,1
2019-08-13,13142.821492578843,0,1,1
2019-08-14,13111.50017347975,0,1,1
2019-08-15,13114.9181998701,0,1,1
2019-08-16,13250.466661334196,0,1,1
2019-08-17,13158.71761322056,0,1,1
2019-08-18,13078.286915350174,0,1,1
2019-08-19,13086.113342650808,0,1,1
2019-08-20,13084.070788840736,0,1,1
2019-08-21,13077.854088302176,0,1,1
2019-08-22,13466.550043771564,0,1,1
2019-08-23,13610.703312874144,0,1,1
2019-08-24,13493.613631892316,0,1,1
2019-08-25,13416.892227105787,0,1,1
2019-08-26,13513.272138988055,0,1,1
2019-08-27,13554.873118628704,0,1,1
2019-08-28,13688.019158315754,0,1,1
2019-08-29,13731.14731459006,0,1,1
2019-08-30,13857.201566334448,0,1,1
2019-08-31,13770.415425624657,0,1,1
2019-09-01,13554.964316990205,0,1,1
2019-09-02,13414.15828614549,0,1,1
2019-09-03,13454.02018123129,0,1,1
2019-09-04,13440.348942553252,0,1,1
2019-09-05,13444.642257128386,0,1,1
2019-09-06,13440.766548323953,0,1,1
2019-09-07,13348.665802806,0,1,1
2019-09-08,13259.527327619006,0,1,1
2019-09-09,13155.68041417502,0,1,1
2019-09-10,13175.948351966968,0,1,1
2019-09-11,13151.399312610269,0,1,1
2019-09-12,13104.496905477165,0,1,1
2019-09-13,13113.186287376931,0,1,1
2019-09-14,13022.710606317904,0,1,1
2019-09-15,12948.654454779224,0,1,1
2019-09-16,12868.904450498943,0,1,1
2019-09-17,12892.65928287071,0,1,1
2019-09-18,13041.02240429866,0,1,1
2019-09-19,13029.930501359486,0,1,1
2019-09-20,13066.746706668486,0,1,1
2019-09-21,12971.350317175604,0,1,1
2019-09-22,12916.176520929776,0,1,1
2019-09-23,12919.737579630915,0,1,1
2019-09-24,12961.781281209518,0,1,1
2019-09-25,13501.68782130773,0,1,1
2019-09-26,13590.565467428312,0,1,1
2019-09-27,13721.625489868193,0,1,1
2019-09-28,13639.123314489723,0,1,1
2019-09-29,13520.11415368455,0,1,1
2019-09-30,13661.17717258168,0,1,1
2019-10-01,13554.471635807986,0,1,1
2019-10-02,13529.137951364331,0,1,1
2019-10-03,13502.579870642474,0,1,1
2019-10-04,13504.330037198606,0,1,1
2019-10-05,13401.358237280396,0,1,1
2019-10-06,13297.08822996146,0,1,1
2019-10-07,13346.804018279305,0,1,1
2019-10-08,13311.021217070089,0,1,1
2019-10-09,13284.153538414075,0,1,1
2019-10-10,13239.410018973578,0,1,1
2019-10-11,13394.627265640194,0,1,1
2019-10-12,13288.377196875075,0,1,1
2019-10-13,13196.300922378405,0,1,1
2019-10-14,13184.354199366717,0,1,1
2019-10-15,13188.229833902482,0,1,1
2019-10-16,13177.96432590557,0,1,1
2019-10-17,13548.50393080214,0,1,1
2019-10-18,13543.530665264208,0,1,1
2019-10-19,13459.41483020887,0,1,1
2019-10-20,13360.69258690683,0,1,1
2019-10-21,13377.659332717849,0,1,1
2019-10-22,13411.718330966833,0,1,1
2019-10-23,13432.572141742405,0,1,1
2019-10-24,13499.948363806629,0,1,1
2019-10-25,13751.047033969044,0,1,1
2019-10-26,13654.607361100065,0,1,1
2019-10-27,13572.63925800169,0,1,1
2019-10-28,13477.220846928734,0,1,1
2019-10-29,13526.725442584302,0,1,1
2019-10-30,13553.536787120336,0,1,1
2019-10-31,13635.759152949428,0,1,1
2019-11-01,13532.91769810452,0,1,1
2019-11-02,13405.49001043925,0,1,1
2019-11-03,13293.201419089552,0,1,1
2019-11-04,13301.44158098823,0,1,1
2019-11-05,13320.967274037575,0,1,1
2019-11-06,13306.750208979372,0,1,1
2019-11-07,13311.611425835954,0,1,1
2019-11-08,13314.624845134682,0,1,1
2019-11-09,13212.572533053975,0,1,1
2019-11-10,13116.04032486875,0,1,1
2019-11-11,13075.66838202162,0,1,1
2019-11-12,13033.737944138396,0,1,1
2019-11-13,12998.272074285718,0,1,1
2019-11-14,13002.90930343126,0,1,1
2019-11-15,12994.341926488729,0,1,1
2019-11-16,12904.33525901021,0,1,1
2019-11-17,12823.465589680529,0,1,1
2019-11-18,12841.086190011923,0,1,1
2019-11-19,12848.613506399206,0,1,1
2019-11-20,12992.95734106579,0,1,1
2019-11-21,12968.389647509575,0,1,1
2019-11-22,13060.36403768366,0,1,1
2019-11-23,12960.125437879467,0,1,1
2019-11-24,12871.486365456249,0,1,1
2019-11-25,13437.847868417066,0,1,1
2019-11-26,13492.392424239326,0,1,1
2019-11-27,13538.250907599757,0,1,1
2019-11-28,13636.744414033032,0,1,1
2019-11-29,13764.689918401562,0,1,1
2019-11-30,13686.347998898613,0,1,1
2019-12-01,13452.281808373327,0,1,1
2019-12-02,13472.792276524407,0,1,1
2019-12-03,13445.227306863737,0,1,1
2019-12-04,13411.779764928013,0,1,1
2019-12-05,13434.743157668692,0,1,1
2019-12-06,13438.418300820069,0,1,1
2019-12-07,13350.749461978472,0,1,1
2019-12-08,13247.737151084688,0,1,1
2019-12-09,13244.300782114518,0,1,1
2019-12-10,13218.72484426084,0,1,1
2019-12-11,13172.343196674996,0,1,1
2019-12-12,13144.775398393282,0,1,1
2019-12-13,13293.048846490528,0,1,1
2019-12-14,13189.038915340132,0,1,1
2019-12-15,13107.023756896442,0,1,1
2019-12-16,13121.286235077836,0,1,1
2019-12-17,13143.1381123157,0,1,1
2019-12-18,13549.444240285024,0,1,1
2019-12-19,13562.177011295636,0,1,1
2019-12-20,13720.712529777553,0,1,1
2019-12-21,13608.95806122964,0,1,1
2019-12-22,13533.972458512844,0,1,1
2019-12-23,13612.63434411713,0,1,1
2019-12-24,13757.56055365967,0,1,1
2019-12-25,13652.123355755888,0,1,1
2019-12-26,13676.796666837416,0,1,1
2019-12-27,13798.85751828022,0,1,1
2019-12-28,13699.866098612236,0,1,1
2019-12-29,13581.964744625904,0,1,1
2019-12-30,13679.288434889935,0,1,1
2019-12-31,13876.13451729054,0,1,1
2020-01-01,13640.687150280086,0,1,1
2020-01-02,13567.196352081815,0,1,1
2020-01-03,13572.674230529425,0,1,1
2020-01-04,13465.434418260886,0,1,1
2020-01-05,13352.588337263134,0,1,1
2020-01-06,13478.790674912274,0,1,1
2020-01-07,13506.095230841138,0,1,1
2020-01-08,13481.89188505955,0,1,1
2020-01-09,13453.445841322764,0,1,1
2020-01-10,13435.755104238437,0,1,1
2020-01-11,13332.7543791974,0,1,1
2020-01-12,13227.954750375338,0,1,1
2020-01-13,13233.179875153182,0,1,1
2020-01-14,13381.366989872531,0,1,1
2020-01-15,13437.477562822996,0,1,1
2020-01-16,13770.940966922377,0,1,1
2020-01-17,13864.954435299129,0,1,1
2020-01-18,13769.023523283484,0,1,1
2020-01-19,13653.96300590438,0,1,1
2020-01-20,13838.73525580484,0,1,1
2020-01-21,13939.693123549452,0,1,1
2020-01-22,14073.76895482752,0,1,1
2020-01-23,14197.826391990377,0,1,1
2020-01-24,14311.890559219872,0,1,1
2020-01-25,14245.042242405449,0,1,1
2020-01-26,14174.951091862938,0,1,1
2020-01-27,14089.23132602932,0,1,1
2020-01-28,14093.288312124305,0,1,1
2020-01-29,14037.127960347218,0,1,1
2020-01-30,14016.910005130949,0,1,1
2020-01-31,14041.749958063629,0,1,1
2020-02-01,13822.20706077544,0,1,1
2020-02-02,13703.270030816137,0,1,1
2020-02-03,13692.83400896427,0,1,1
2020-02-04,13701.87148300246,0,1,1
2020-02-05,13711.635903328282,0,1,1
2020-02-06,13690.737586920206,0,1,1
2020-02-07,13700.156859138957,0,1,1
2020-02-08,13601.405738386138,0,1,1
2020-02-09,13505.882719212448,0,1,1
2020-02-10,13511.437634393693,0,1,1
2020-02-11,13488.314093768646,0,1,1
2020-02-12,13443.420607781634,0,1,1
2020-02-13,13411.648411854936,0,1,1
2020-02-14,13406.48188475882,0,1,1
2020-02-15,13316.116590449028,0,1,1
2020-02-16,13237.286378264382,0,1,1
2020-02-17,13252.736343927196,0,1,1
2020-02-18,13243.90226220398,0,1,1
2020-02-19,13415.901821180489,0,1,1
2020-02-20,13395.262728068308,0,1,1
2020-02-21,13418.538104245614,0,1,1
2020-02-22,13348.030927996817,0,1,1
2020-02-23,13255.016773154804,0,1,1
2020-02-24,13641.578498604094,0,1,1
2020-02-25,13836.055075742202,0,1,1
2020-02-26,13922.62163238018,0,1,1
2020-02-27,14033.028281523244,0,1,1
2020-02-28,14351.18348922832,0,1,1
2020-02-29,14256.6896046856,0,1,1
2020-03-01,13972.922730047178,0,1,1
2020-03-02,13970.01452463454,0,1,1
2020-03-03,13934.934759001571,0,1,1
2020-03-04,13917.94157461358,0,1,1
2020-03-05,13937.702044575031,0,1,1
2020-03-06,13933.190609276113,0,1,1
2020-03-07,13831.144868696072,0,1,1
2020-03-08,13721.614919554884,0,1,1
2020-03-09,13727.672144129763,0,1,1
2020-03-10,13706.028486729623,0,1,1
2020-03-11,13679.224446229096,0,1,1
2020-03-12,13646.694041298986,0,1,1
2020-03-13,13642.3590506029,0,1,1
2020-03-14,13540.6471647212,0,1,1
2020-03-15,13453.342758668405,0,1,1
2020-03-16,13492.338910607046,0,1,1
2020-03-17,13481.842708753076,0,1,1
2020-03-18,13771.562778223248,0,1,1
2020-03-19,13798.815397734616,0,1,1
2020-03-20,13869.774891836889,0,1,1
2020-03-21,13800.228871413206,0,1,1
2020-03-22,13769.632559067482,0,1,1
2020-03-23,13852.175385469316,0,1,1
2020-03-24,13952.86854780989,0,1,1
2020-03-25,14508.190023338037,0,1,1
2020-03-26,14604.525179769607,0,1,1
2020-03-27,14744.833657977442,0,1,1
2020-03-28,14687.439597842354,0,1,1
2020-03-29,14615.635602144206,0,1,1
2020-03-30,14713.102081371895,1,0,0
2020-03-31,14839.775109434888,1,0,0
2020-04-01,14868.722618300946,1,0,0
2020-04-02,14867.541415159883,1,0,0
2020-04-03,14895.656351901553,1,0,0
2020-04-04,14838.695211961976,1,0,0
2020-04-05,14767.1655925051,1,0,0
2020-04-06,14803.502555876728,1,0,0
2020-04-07,14851.661652088264,1,0,0
2020-04-08,14852.09816205477,1,0,0
2020-04-09,14886.457637796206,1,0,0
2020-04-10,14923.65311692285,1,0,0
2020-04-11,14833.064708078324,1,0,0
2020-04-12,14762.259146433784,1,0,0
2020-04-13,14774.387302219347,1,0,0
2020-04-14,14761.06729146791,1,0,0
2020-04-15,14763.500621299649,1,0,0
2020-04-16,14734.421305793285,1,0,0
2020-04-17,14731.37259172036,1,0,0
2020-04-18,14676.448559061622,1,0,0
2020-04-19,14619.647322359127,1,0,0
2020-04-20,14819.191518894835,1,0,0
2020-04-21,14819.1018275758,1,0,0
2020-04-22,14899.814795657214,1,0,0
2020-04-23,15379.929561621915,1,0,0
2020-04-24,15604.601842708043,1,0,0
2020-04-25,15546.483276524576,1,0,0
2020-04-26,15481.650093005794,1,0,0
2020-04-27,15572.846009397676,1,0,0
2020-04-28,15680.22615222418,1,0,0
2020-04-29,15720.761117764589,1,0,0
2020-04-30,15854.332672093324,1,0,0
2020-05-01,15739.72743316256,1,0,0
2020-05-02,15643.329940384729,1,0,0
2020-05-03,15560.468642456864,1,0,0
2020-05-04,15642.948764078104,1,0,0
2020-05-05,15733.076787212169,1,0,0
2020-05-06,15812.786142131374,1,0,0
2020-05-07,15716.558419512574,1,0,0
2020-05-08,15777.274226417328,1,0,0
2020-05-09,15675.158019595065,1,0,0
2020-05-10,15588.699837981252,1,0,0
2020-05-11,15492.742850717368,1,0,0
2020-05-12,15715.72021953298,1,0,0
2020-05-13,15742.1015790591,1,0,0
2020-05-14,16128.594159726015,1,0,0
2020-05-15,16156.233048854789,1,0,0
2020-05-16,16048.309796361538,1,0,0
2020-05-17,15951.619452491956,1,0,0
2020-05-18,16060.8136295446,1,0,0
2020-05-19,16124.815594219786,1,0,0
2020-05-20,16284.200686948485,1,0,0
2020-05-21,16361.473636743196,1,0,0
2020-05-22,16582.04203074437,1,0,0
2020-05-23,16471.391751222876,1,0,0
2020-05-24,16406.438691069583,1,0,0
2020-05-25,16327.502486216768,1,0,0
2020-05-26,16233.680387714092,1,0,0
2020-05-27,16331.58094533668,1,0,0
2020-05-28,16354.593525069977,1,0,0
2020-05-29,16450.37679239968,1,0,0
2020-05-30,16368.89425600826,1,0,0
2020-05-31,16275.046972412738,1,0,0
2020-06-01,16303.687730428965,1,0,0
2020-06-02,16263.639404305784,1,0,0
2020-06-03,16208.575422685171,1,0,0
2020-06-04,16241.712307156044,1,0,0
2020-06-05,16277.875023944933,1,0,0
2020-06-06,16168.544990798902,1,0,0
2020-06-07,16091.89943575342,1,0,0
2020-06-08,15986.553308808612,1,0,0
2020-06-09,16008.802611755724,1,0,0
2020-06-10,15989.894996626415,1,0,0
2020-06-11,15937.284710719085,1,0,0
2020-06-12,15905.817996010148,1,0,0
2020-06-13,15807.541789308332,1,0,0
2020-06-14,15719.226998702496,1,0,0
2020-06-15,15776.160022400612,1,0,0
2020-06-16,15804.709992759288,1,0,0
2020-06-17,15921.204904784088,1,0,0
2020-06-18,15907.437152102711,1,0,0
2020-06-19,15913.4137964202,1,0,0
2020-06-20,15815.230818030755,1,0,0
2020-06-21,15726.336041494744,1,0,0
2020-06-22,16191.548974601836,1,0,0
2020-06-23,16137.774524543014,1,0,0
2020-06-24,16169.35614030132,1,0,0
2020-06-25,16414.82966603509,1,0,0
2020-06-26,16560.211600765953,1,0,0
2020-06-27,16459.077504278517,1,0,0
2020-06-28,16372.716876963694,1,0,0
2020-06-29,16440.237484263303,1,0,0
2020-06-30,16585.656011778072,1,0,0
2020-07-01,16544.246681335306,1,0,0
2020-07-02,16519.476449524107,1,0,0
2020-07-03,16532.067791797846,1,0,0
2020-07-04,16418.734325549718,1,0,0
2020-07-05,16300.95292840331,1,0,0
2020-07-06,16386.162931914245,1,0,0
2020-07-07,16394.596135889682,1,0,0
2020-07-08,16352.402102595444,1,0,0
2020-07-09,16312.103815624982,1,0,0
2020-07-10,16255.67657574056,1,0,0
2020-07-11,16142.06348089501,1,0,0
2020-07-12,16046.983670591011,1,0,0
2020-07-13,16074.7018647052,1,0,0
2020-07-14,16074.116372919909,1,0,0
2020-07-15,16106.797389661237,1,0,0
2020-07-16,16082.403156722225,1,0,0
2020-07-17,16069.105831635045,1,0,0
2020-07-18,15970.534136561691,1,0,0
2020-07-19,15883.29971789335,1,0,0
2020-07-20,16094.173428956865,1,0,0
2020-07-21,16070.696773233036,1,0,0
2020-07-22,16187.284607709156,1,0,0
2020-07-23,16683.339279939766,1,0,0
2020-07-24,16882.84650641149,1,0,0
2020-07-25,16767.463530864025,1,0,0
2020-07-26,16662.017023195778,1,0,0
2020-07-27,16760.913934589385,1,0,0
2020-07-28,16875.10057221685,1,0,0
2020-07-29,16908.62727392523,1,0,0
2020-07-30,17020.678203698917,1,0,0
2020-07-31,16940.504017101037,1,0,0
2020-08-01,16805.682572156253,1,0,0
2020-08-02,16679.563472347956,1,0,0
2020-08-03,16737.61754851255,1,0,0
2020-08-04,16713.58865359706,1,0,0
2020-08-05,16717.50887468315,1,0,0
2020-08-06,16682.645945774977,1,0,0
2020-08-07,16736.230385474097,1,0,0
2020-08-08,16608.821482497973,1,0,0
2020-08-09,16496.164008235544,1,0,0
2020-08-10,16507.608575140326,1,0,0
2020-08-11,16442.386979670708,1,0,0
2020-08-12,16400.061224987807,1,0,0
2020-08-13,16361.73311021348,1,0,0
2020-08-14,16352.116734769506,1,0,0
2020-08-15,16258.73893886287,1,0,0
2020-08-16,16163.710068731358,1,0,0
2020-08-17,16176.815801791498,1,0,0
2020-08-18,16326.55863380379,1,0,0
2020-08-19,16331.393504637232,1,0,0
2020-08-20,16229.736994685029,1,0,0
2020-08-21,16281.451902465897,1,0,0
2020-08-22,16211.472458054604,1,0,0
2020-08-23,16111.122423012815,1,0,0
2020-08-24,16168.664685947144,1,0,0
2020-08-25,16761.41620693773,1,0,0
2020-08-26,16816.200742515797,1,0,0
2020-08-27,16882.453909946635,1,0,0
2020-08-28,17120.90833794363,1,0,0
2020-08-29,16998.13244041653,1,0,0
2020-08-30,16908.40365447041,1,0,0
2020-08-31,16799.766605102537,1,0,0
2020-09-01,16824.33064530523,1,0,0
2020-09-02,16813.45851006136,1,0,0
2020-09-03,16797.97326713774,1,0,0
2020-09-04,16834.15233811278,1,0,0
2020-09-05,16717.734939364058,1,0,0
2020-09-06,16608.532985889193,1,0,0
2020-09-07,16668.233412530197,1,0,0
2020-09-08,16645.750567869934,1,0,0
2020-09-09,16592.308042711447,1,0,0
2020-09-10,16565.48960649724,1,0,0
2020-09-11,16511.80766064613,1,0,0
2020-09-12,16406.36299384346,1,0,0
2020-09-13,16311.770158382727,1,0,0
2020-09-14,16299.71411569217,1,0,0
2020-09-15,16312.844239211974,1,0,0
2020-09-16,16214.26007567015,1,0,0
2020-09-17,16233.125755717734,1,0,0
2020-09-18,16384.108298433046,1,0,0
2020-09-19,16294.486692147688,1,0,0
2020-09-20,16203.446215742812,1,0,0
2020-09-21,16198.029377175311,1,0,0
2020-09-22,16230.030256243244,1,0,0
2020-09-23,16238.473408658065,1,0,0
2020-09-24,16699.627467844944,1,0,0
2020-09-25,16982.711546573482,1,0,0
2020-09-26,16870.130696975288,1,0,0
2020-09-27,16769.017404085527,1,0,0
2020-09-28,16902.833751682105,1,0,0
2020-09-29,16941.534781071376,1,0,0
2020-09-30,17072.972419255668,1,0,0
2020-10-01,16994.559039165244,1,0,0
2020-10-02,16961.467319661664,1,0,0
2020-10-03,16831.632711651586,1,0,0
2020-10-04,16700.366417932095,1,0,0
2020-10-05,16768.7928343361,1,0,0
2020-10-06,16760.677477994275,1,0,0
2020-10-07,16781.21028427262,1,0,0
2020-10-08,16770.232991838566,1,0,0
2020-10-09,16749.9951988735,1,0,0
2020-10-10,16631.35303873637,1,0,0
2020-10-11,16528.254517592763,1,0,0
2020-10-12,16504.540510131592,1,0,0
2020-10-13,16469.858726658887,1,0,0
2020-10-14,16460.352350176036,1,0,0
2020-10-15,16461.732623266875,1,0,0
2020-10-16,16468.47220965692,1,0,0
2020-10-17,16375.53995196085,1,0,0
2020-10-18,16291.93118531187,1,0,0
2020-10-19,16340.825391546445,1,0,0
2020-10-20,16482.854842965487,1,0,0
2020-10-21,16466.330854000476,1,0,0
2020-10-22,16592.979826911105,1,0,0
2020-10-23,16813.65833819271,1,0,0
2020-10-24,16707.781976538492,1,0,0
2020-10-25,16637.56861853641,1,0,0
2020-10-26,17167.842828547367,1,0,0
2020-10-27,17213.896286275994,1,0,0
2020-10-28,17348.46928727095,1,0,0
2020-10-29,17208.33053647759,1,0,0
2020-10-30,17365.039534988973,1,0,0
2020-10-31,17258.24098896876,1,0,0
2020-11-01,17042.68923382284,1,0,0
2020-11-02,17062.95266022366,1,0,0
2020-11-03,17058.01021297685,1,0,0
2020-11-04,17057.88141626575,1,0,0
2020-11-05,17064.627162680736,1,0,0
2020-11-06,17088.347508803472,1,0,0
2020-11-07,16980.970326037525,1,0,0
2020-11-08,16870.04966148838,1,0,0
2020-11-09,16886.452464707465,1,0,0
2020-11-10,16876.284243262384,1,0,0
2020-11-11,16817.76055948668,1,0,0
2020-11-12,16786.495578900754,1,0,0
2020-11-13,16769.94193382162,1,0,0
2020-11-14,16682.20757345188,1,0,0
2020-11-15,16601.003757217317,1,0,0
2020-11-16,16613.712669225588,1,0,0
2020-11-17,16582.58608542201,1,0,0
2020-11-18,16719.67437573046,1,0,0
2020-11-19,16708.929225362794,1,0,0
2020-11-20,16734.917091975727,1,0,0
2020-11-21,16641.011055808827,1,0,0
2020-11-22,16574.84491789849,1,0,0
2020-11-23,16596.18737910395,1,0,0
2020-11-24,16619.746752491115,1,0,0
2020-11-25,17121.96976697776,1,0,0
2020-11-26,17158.765166848694,1,0,0
2020-11-27,17296.375735501624,1,0,0
2020-11-28,17203.687067517287,1,0,0
2020-11-29,17078.793921670087,1,0,0
2020-11-30,17320.294034338283,1,0,0
2020-12-01,17224.66018120043,1,0,0
2020-12-02,17180.158613049058,1,0,0
2020-12-03,17179.678080404174,1,0,0
2020-12-04,17196.588139393254,1,0,0
2020-12-05,17069.736625734207,1,0,0
2020-12-06,16959.11500590372,1,0,0
2020-12-07,17024.695935983236,1,0,0
2020-12-08,16983.37277951679,1,0,0
2020-12-09,16929.28078798225,1,0,0
2020-12-10,16897.624343068557,1,0,0
2020-12-11,16850.501796659344,1,0,0
2020-12-12,16727.25514044584,1,0,0
2020-12-13,16630.504786246296,1,0,0
2020-12-14,16627.85187358946,1,0,0
2020-12-15,16808.306958936297,1,0,0
2020-12-16,16812.084889507758,1,0,0
2020-12-17,17162.53713912578,1,0,0
2020-12-18,17212.332692942273,1,0,0
2020-12-19,17101.991322039587,1,0,0
2020-12-20,17003.094822715382,1,0,0
2020-12-21,17042.185073768007,1,0,0
2020-12-22,17119.899924152138,1,0,0
2020-12-23,17203.61608471897,1,0,0
2020-12-24,17226.079526793772,1,0,0
2020-12-25,17124.915891324177,1,0,0
2020-12-26,17019.920974673838,1,0,0
2020-12-27,16922.237172264548,1,0,0
2020-12-28,17027.66641647493,1,0,0
2020-12-29,17037.834814538142,1,0,0
2020-12-30,17094.97751400108,1,0,0
2020-12-31,17228.911500376522,1,0,0
2021-01-01,17032.95621869466,1,0,0
2021-01-02,16898.76048970664,1,0,0
2021-01-03,16787.685428790715,1,0,0
2021-01-04,16875.542263298572,1,0,0
2021-01-05,16962.785470010316,1,0,0
2021-01-06,17082.271651341995,1,0,0
2021-01-07,17263.757304984105,1,0,0
2021-01-08,17196.823702805203,1,0,0
2021-01-09,17058.894936132037,1,0,0
2021-01-10,16930.47344512097,1,0,0
2021-01-11,17052.86262801234,1,0,0
2021-01-12,17143.167960257902,1,0,0
2021-01-13,17124.48454329721,1,0,0
2021-01-14,17092.08770738923,1,0,0
2021-01-15,17083.49704202482,1,0,0
2021-01-16,16978.80210234005,1,0,0
2021-01-17,16886.280592822324,1,0,0
2021-01-18,16905.11047115714,1,0,0
2021-01-19,16952.99924360822,1,0,0
2021-01-20,17112.446063395142,1,0,0
2021-01-21,17112.348084797064,1,0,0
2021-01-22,17251.65381530123,1,0,0
2021-01-23,17135.392356828936,1,0,0
2021-01-24,17037.689268253736,1,0,0
2021-01-25,17609.97520946763,1,0,0
2021-01-26,17713.808116410873,1,0,0
2021-01-27,17866.40889537963,1,0,0
2021-01-28,17761.358728243198,1,0,0
2021-01-29,18001.875808184657,1,0,0
2021-01-30,17892.280383762558,1,0,0
2021-01-31,17791.432612044828,1,0,0
2021-02-01,17556.662150388132,1,0,0
2021-02-02,17690.326032009605,1,0,0
2021-02-03,17730.073968563513,1,0,0
2021-02-04,17793.14624726236,1,0,0
2021-02-05,18026.022588431995,1,0,0
2021-02-06,17882.575882756417,1,0,0
2021-02-07,17759.55556550141,1,0,0
2021-02-08,17846.764353464903,1,0,0
2021-02-09,18206.50007584483,1,0,0
2021-02-10,18236.17615891309,1,0,0
2021-02-11,18212.20643237853,1,0,0
2021-02-12,18130.075408105207,1,0,0
2021-02-13,18044.514053895808,1,0,0
2021-02-14,17954.697761411808,1,0,0
2021-02-15,17980.897099773352,1,0,0
2021-02-16,17904.85145336165,1,0,0
2021-02-17,17871.185184619946,1,0,0
2021-02-18,17819.957296623495,1,0,0
2021-02-19,17835.29579053774,1,0,0
2021-02-20,17725.7461605559,1,0,0
2021-02-21,17623.30592814613,1,0,0
2021-02-22,17682.53973329888,1,0,0
2021-02-23,17737.259542872496,1,0,0
2021-02-24,17793.225942469973,1,0,0
2021-02-25,18053.176623975512,1,0,0
2021-02-26,18385.659241990183,1,0,0
2021-02-27,18256.01555016821,1,0,0
2021-02-28,18230.332559640723,1,0,0
2021-03-01,18171.96959700138,1,0,0
2021-03-02,18230.695791604317,1,0,0
2021-03-03,18284.672500238114,1,0,0
2021-03-04,18344.509559201782,1,0,0
2021-03-05,18490.034668725297,1,0,0
2021-03-06,18324.27770256514,1,0,0
2021-03-07,18185.784802611823,1,0,0
2021-03-08,18302.14448207946,1,0,0
2021-03-09,18308.30322693579,1,0,0
2021-03-10,18263.26980257212,1,0,0
2021-03-11,18259.39394523035,1,0,0
2021-03-12,18387.98968282416,1,0,0
2021-03-13,18248.9788733169,1,0,0
2021-03-14,18119.25421606158,1,0,0
2021-03-15,18158.196641298207,1,0,0
2021-03-16,18102.39967702741,1,0,0
2021-03-17,18068.391453731325,1,0,0
2021-03-18,18368.58227375902,1,0,0
2021-03-19,18403.257725516152,1,0,0
2021-03-20,18278.40447049225,1,0,0
2021-03-21,18157.432135902854,1,0,0
2021-03-22,18244.358053509874,1,0,0
2021-03-23,18218.936788200303,1,0,0
2021-03-24,18222.683701362253,1,0,0
2021-03-25,18478.360248309586,1,0,0
2021-03-26,18706.769835540428,1,0,0
2021-03-27,18570.19875472506,1,0,0
2021-03-28,18462.32008777289,1,0,0
2021-03-29,18529.74665289189,1,0,0
2021-03-30,18624.98502531656,1,0,0
2021-03-31,18747.92086905683,1,0,0
2021-04-01,18690.90356443195,1,0,0
2021-04-02,18678.059613523103,1,0,0
2021-04-03,18533.214549059776,1,0,0
2021-04-04,18391.660085722928,1,0,0
2021-04-05,18505.30595513548,1,0,0
2021-04-06,18534.85852709455,1,0,0
2021-04-07,18578.17040202664,1,0,0
2021-04-08,18594.309870635872,1,0,0
2021-04-09,18579.92476865105,1,0,0
2021-04-10,18435.573654408345,1,0,0
2021-04-11,18305.766353342784,1,0,0
2021-04-12,18346.261958923547,1,0,0
2021-04-13,18380.7319350435,1,0,0
2021-04-14,18366.606304866677,1,0,0
2021-04-15,18341.670287935853,1,0,0
2021-04-16,18322.675448323374,1,0,0
2021-04-17,18200.611158793392,1,0,0
2021-04-18,18090.358205718785,1,0,0
2021-04-19,18280.269811781647,1,0,0
2021-04-20,18244.84590621947,1,0,0
2021-04-21,18229.89585767993,1,0,0
2021-04-22,18617.24830696709,1,0,0
2021-04-23,18772.630204657125,1,0,0
2021-04-24,18627.303717571627,1,0,0
2021-04-25,18525.833047000895,1,0,0
2021-04-26,18640.02520318811,1,0,0
2021-04-27,18752.213705783444,1,0,0
2021-04-28,18893.37187263912,1,0,0
2021-04-29,18737.547592949093,1,0,0
2021-04-30,18989.19749388783,1,0,0
2021-05-01,18750.8871196778,1,0,0
2021-05-02,18582.11896334755,1,0,0
2021-05-03,18674.87279980187,1,0,0
2021-05-04,18851.078341118435,1,0,0
2021-05-05,18910.106450618277,1,0,0
2021-05-06,19329.986950560346,1,0,0
2021-05-07,19445.41899424681,1,0,0
2021-05-08,19279.646626272977,1,0,0
2021-05-09,19130.571600723124,1,0,0
2021-05-10,19281.547100679032,1,0,0
2021-05-11,19322.923704286215,1,0,0
2021-05-12,19289.296041062727,1,0,0
2021-05-13,19199.36687284957,1,0,0
2021-05-14,19097.110439421725,1,0,0
2021-05-15,18994.262389388547,1,0,0
2021-05-16,18892.718323623576,1,0,0
2021-05-17,18905.61679432407,1,0,0
2021-05-18,18889.02039875143,1,0,0
2021-05-19,18867.430131499284,1,0,0
2021-05-20,18861.408916363845,1,0,0
2021-05-21,18868.84672606483,1,0,0
2021-05-22,18774.96531580886,1,0,0
2021-05-23,18668.833265180543,1,0,0
2021-05-24,18746.577208697356,1,0,0
2021-05-25,18992.45576736539,1,0,0
2021-05-26,18891.362476494138,1,0,0
2021-05-27,19010.422031172613,1,0,0
2021-05-28,19143.080801138323,1,0,0
2021-05-29,18998.632537482572,1,0,0
2021-05-30,18892.24300510221,1,0,0
2021-05-31,18991.32012861576,1,0,0
2021-06-01,18993.268932451767,1,0,0
2021-06-02,19015.1994508877,1,0,0
2021-06-03,19030.333324293373,1,0,0
2021-06-04,19113.824363587268,1,0,0
2021-06-05,19007.51909230494,1,0,0
2021-06-06,18894.28544872632,1,0,0
2021-06-07,18991.541478987652,1,0,0
2021-06-08,19124.455915070997,1,0,0
2021-06-09,19319.68387971556,1,0,0
2021-06-10,19227.16777251614,1,0,0
2021-06-11,19185.93487878034,1,0,0
2021-06-12,19088.235135026076,1,0,0
2021-06-13,18996.13710218456,1,0,0
2021-06-14,19338.75933051587,1,0,0
2021-06-15,19378.68847947171,1,0,0
2021-06-16,19313.276959072133,1,0,0
2021-06-17,19236.282585883808,1,0,0
2021-06-18,19199.433300562327,1,0,0
2021-06-19,19119.7703734746,1,0,0
2021-06-20,19030.24852384215,1,0,0
2021-06-21,19021.217207691672,1,0,0
2021-06-22,19123.79496910992,1,0,0
2021-06-23,19084.888254991343,1,0,0
2021-06-24,19146.01446948344,1,0,0
2021-06-25,19413.16993796697,1,0,0
2021-06-26,19314.22718357054,1,0,0
2021-06-27,19223.579392206728,1,0,0
2021-06-28,19406.24485444874,1,0,0
2021-06-29,19439.499107576627,1,0,0
2021-06-30,19593.5167681525,1,0,0
2021-07-01,19525.766375139567,1,0,0
2021-07-02,19564.872270284395,1,0,0
2021-07-03,19441.20417749739,1,0,0
2021-07-04,19322.382915708284,1,0,0
2021-07-05,19532.30677516029,1,0,0
2021-07-06,19469.428359708632,1,0,0
2021-07-07,19427.2963078621,1,0,0
2021-07-08,19391.793127295063,1,0,0
2021-07-09,19685.578744654307,1,0,0
2021-07-10,19574.39238368045,1,0,0
2021-07-11,19473.11624519049,1,0,0
2021-07-12,19465.551350460428,1,0,0
2021-07-13,19439.495797604384,1,0,0
2021-07-14,19749.74002565413,1,0,0
2021-07-15,19762.123073049697,1,0,0
2021-07-16,19719.164628635597,1,0,0
2021-07-17,19612.716613033932,1,0,0
2021-07-18,19512.763807670104,1,0,0
2021-07-19,19537.843300683333,1,0,0
2021-07-20,19453.951859649795,1,0,0
2021-07-21,19452.126053157153,1,0,0
2021-07-22,19500.16184913265,1,0,0
2021-07-23,19652.391519622088,1,0,0
2021-07-24,19553.96489524058,1,0,0
2021-07-25,19479.050009712173,1,0,0
2021-07-26,19670.806094633623,1,0,0
2021-07-27,19766.560130979455,1,0,0
2021-07-28,19838.80793426793,1,0,0
2021-07-29,19852.118631099183,1,0,0
2021-07-30,19965.5671022897,1,0,0
2021-07-31,19879.980507122687,1,0,0
2021-08-01,19680.799594912653,1,0,0
2021-08-02,19748.270243858497,1,0,0
2021-08-03,19761.05624276589,1,0,0
2021-08-04,19789.70613060387,1,0,0
2021-08-05,19826.9603424138,1,0,0
2021-08-06,19851.78896382385,1,0,0
2021-08-07,19754.976945376835,1,0,0
2021-08-08,19637.90119193705,1,0,0
2021-08-09,19672.15899897844,1,0,0
2021-08-10,19565.588669827583,1,0,0
2021-08-11,19561.953729653505,1,0,0
2021-08-12,19533.223515472673,1,0,0
2021-08-13,19539.663229027643,1,0,0
2021-08-14,19442.393727937982,1,0,0
2021-08-15,19356.88173923909,1,0,0
2021-08-16,19397.14271573267,1,0,0
2021-08-17,19536.1567042476,1,0,0
2021-08-18,19502.897434392937,1,0,0
2021-08-19,19826.15646061402,1,0,0
2021-08-20,19822.34538300423,1,0,0
2021-08-21,19709.75422092552,1,0,0
2021-08-22,19628.02505230044,1,0,0
2021-08-23,19670.504803035474,1,0,0
2021-08-24,19672.237616251437,1,0,0
2021-08-25,19849.16369603101,1,0,0
2021-08-26,19929.15903685057,1,0,0
2021-08-27,20107.196530436533,1,0,0
2021-08-28,20009.01974145891,1,0,0
2021-08-29,19892.570819252614,1,0,0
2021-08-30,20082.72743402775,1,0,0
2021-08-31,19984.01414470111,1,0,0
2021-09-01,19953.21000790481,1,0,0
2021-09-02,19961.10549016488,1,0,0
2021-09-03,19997.259166183176,1,0,0
2021-09-04,19871.885464893992,1,0,0
2021-09-05,19756.128179537376,1,0,0
2021-09-06,19863.806380217586,1,0,0
2021-09-07,19936.91918735048,1,0,0
2021-09-08,19935.322720721695,1,0,0
2021-09-09,19900.953337919986,1,0,0
2021-09-10,19867.23100215241,1,0,0
2021-09-11,19745.792024108818,1,0,0
2021-09-12,19641.690351088007,1,0,0
2021-09-13,19630.534141337874,1,0,0
2021-09-14,19590.912886589387,1,0,0
2021-09-15,19592.60123626436,1,0,0
2021-09-16,19475.690331600937,1,0,0
2021-09-17,19505.883032328275,1,0,0
2021-09-18,19408.0130875261,1,0,0
2021-09-19,19316.769406051153,1,0,0
2021-09-20,19506.019937800527,1,0,0
2021-09-21,19486.66512852465,1,0,0
2021-09-22,19571.961312304855,1,0,0
2021-09-23,19961.606085679887,1,0,0
2021-09-24,20146.47099034388,1,0,0
2021-09-25,20034.895374639007,1,0,0
2021-09-26,19923.645307118375,1,0,0
2021-09-27,20034.91253865641,1,0,0
2021-09-28,20209.405587875503,1,0,0
2021-09-29,20235.751821290323,1,0,0
2021-09-30,20344.360075846897,1,0,0
2021-10-01,20293.658771284197,1,0,0
2021-10-02,20131.401048368843,1,0,0
2021-10-03,19994.617873752824,1,0,0
2021-10-04,20090.3498751609,1,0,0
2021-10-05,20119.475322017748,1,0,0
2021-10-06,20134.08316766891,1,0,0
2021-10-07,20185.36660340423,1,0,0
2021-10-08,20163.16781169985,1,0,0
2021-10-09,20027.71766449734,1,0,0
2021-10-10,19887.74860395444,1,0,0
2021-10-11,19874.52978037374,1,0,0
2021-10-12,19822.31717278411,1,0,0
2021-10-13,19794.17780800319,1,0,0
2021-10-14,19727.692294460074,1,0,0
2021-10-15,19761.979815202,1,0,0
2021-10-16,19641.40869823898,1,0,0
2021-10-17,19538.090195558547,1,0,0
2021-10-18,19539.622308357364,1,0,0
2021-10-19,19443.435379778093,1,0,0
2021-10-20,19627.503116149885,1,0,0
2021-10-21,19612.4143229348,1,0,0
2021-10-22,19707.31352121978,1,0,0
2021-10-23,19577.904450826587,1,0,0
2021-10-24,19470.06572397269,1,0,0
2021-10-25,19997.1270165178,1,0,0
2021-10-26,20047.393324330675,1,0,0
2021-10-27,20113.80700255904,1,0,0
2021-10-28,20258.01831574197,1,0,0
2021-10-29,20367.57008835409,1,0,0
2021-10-30,20251.49540044156,1,0,0
2021-10-31,20124.409029249426,1,0,0
2021-11-01,20114.74432016042,1,0,0
2021-11-02,20134.00669492596,1,0,0
2021-11-03,20162.20970142441,1,0,0
2021-11-04,20029.82454031644,1,0,0
2021-11-05,20125.31790064511,1,0,0
2021-11-06,19992.389876126537,1,0,0
2021-11-07,19891.280110612588,1,0,0
2021-11-08,19932.04748519476,1,0,0
2021-11-09,19882.96088618512,1,0,0
2021-11-10,19841.90573078741,1,0,0
2021-11-11,19748.0107058558,1,0,0
2021-11-12,19710.868420905237,1,0,0
2021-11-13,19597.844036747578,1,0,0
2021-11-14,19488.218125601503,1,0,0
2021-11-15,19515.315707518377,1,0,0
2021-11-16,19529.71028211255,1,0,0
2021-11-17,19670.564689643696,1,0,0
2021-11-18,19630.109277125863,1,0,0
2021-11-19,19640.59299181062,1,0,0
2021-11-20,19533.950307761177,1,0,0
2021-11-21,19424.799930105975,1,0,0
2021-11-22,19471.219723171747,1,0,0
2021-11-23,19470.314933287555,1,0,0
2021-11-24,19517.59510232771,1,0,0
2021-11-25,20074.69786280552,1,0,0
2021-11-26,20242.04220198685,1,0,0
2021-11-27,20111.530263314664,1,0,0
2021-11-28,20005.330355880586,1,0,0
2021-11-29,20093.733470335843,1,0,0
2021-11-30,20246.13295752839,1,0,0
2021-12-01,20238.55501591289,1,0,0
2021-12-02,20223.28195590045,1,0,0
2021-12-03,20221.259396806683,1,0,0
2021-12-04,20069.48900167848,1,0,0
2021-12-05,19929.715409440872,1,0,0
2021-12-06,20018.26512656477,1,0,0
2021-12-07,20066.085599328984,1,0,0
2021-12-08,20047.350803529793,1,0,0
2021-12-09,19965.349143282823,1,0,0
2021-12-10,19941.23012989957,1,0,0
2021-12-11,19811.63470095664,1,0,0
2021-12-12,19662.317917536784,1,0,0
2021-12-13,19645.976155563258,1,0,0
2021-12-14,19608.89201175881,1,0,0
2021-12-15,19791.652998289566,1,0,0
2021-12-16,19807.299465251133,1,0,0
2021-12-17,19847.21387107504,1,0,0
2021-12-18,19741.776401387116,1,0,0
2021-12-19,19638.898610522483,1,0,0
2021-12-20,20093.37062182655,1,0,0
2021-12-21,20134.036744111905,1,0,0
2021-12-22,20199.77329174644,1,0,0
2021-12-23,20285.17255070072,1,0,0
2021-12-24,20441.074172866694,1,0,0
2021-12-25,20323.946441808417,1,0,0
2021-12-26,20198.843912581033,1,0,0
2021-12-27,20278.408306281955,1,0,0
2021-12-28,20327.74260489246,1,0,0
2021-12-29,20350.159149361232,1,0,0
2021-12-30,20434.75112844219,1,0,0
2021-12-31,20586.442390691187,1,0,0
2022-01-01,20360.539190329386,1,0,0
2022-01-02,20189.587107435687,1,0,0
2022-01-03,20220.5357444621,1,0,0
2022-01-04,20201.687933776473,1,0,0
2022-01-05,20195.979706515373,1,0,0
2022-01-06,20157.108496738056,1,0,0
2022-01-07,20218.33364742504,1,0,0
2022-01-08,20075.26403903802,1,0,0
2022-01-09,19935.26057001743,1,0,0
2022-01-10,19922.33959460464,1,0,0
2022-01-11,19949.314380730608,1,0,0
2022-01-12,19901.10528579545,1,0,0
2022-01-13,19892.76300649761,1,0,0
2022-01-14,19885.70389558125,1,0,0
2022-01-15,19773.908393327452,1,0,0
2022-01-16,19656.93045944038,1,0,0
2022-01-17,19719.100588146983,1,0,0
2022-01-18,19599.319244608487,1,0,0
2022-01-19,19835.367824080437,1,0,0
2022-01-20,19834.243398593495,1,0,0
2022-01-21,19912.465118384323,1,0,0
2022-01-22,19809.34964011884,1,0,0
2022-01-23,19681.149215940764,1,0,0
2022-01-24,19845.80588318537,1,0,0
2022-01-25,20538.45843822314,1,0,0
2022-01-26,20646.435371824213,1,0,0
2022-01-27,20793.750459590356,1,0,0
2022-01-28,21018.201415713866,1,0,0
2022-01-29,20865.7592980094,1,0,0
2022-01-30,20717.911376842894,1,0,0
2022-01-31,20822.450366514982,1,0,0
2022-02-01,20642.257058095107,1,0,0
2022-02-02,20520.844809707047,1,0,0
2022-02-03,20485.752785588244,1,0,0
2022-02-04,20470.470509315055,1,0,0
2022-02-05,20338.907825313887,1,0,0
2022-02-06,20215.958740081707,1,0,0
2022-02-07,20226.109244204843,1,0,0
2022-02-08,20173.31340874788,1,0,0
2022-02-09,20115.27708285416,1,0,0
2022-02-10,20054.59640431667,1,0,0
2022-02-11,20022.242203432532,1,0,0
2022-02-12,19905.499640428803,1,0,0
2022-02-13,19797.28136607336,1,0,0
2022-02-14,19782.40708665388,1,0,0
2022-02-15,19756.661769872604,1,0,0
2022-02-16,19747.082141508512,1,0,0
2022-02-17,19747.5994024138,1,0,0
2022-02-18,19711.25899786788,1,0,0
2022-02-19,19622.992297441204,1,0,0
2022-02-20,19521.764295615107,1,0,0
2022-02-21,19739.54191786801,1,0,0
2022-02-22,19726.19942264857,1,0,0
2022-02-23,19703.105098284275,1,0,0
2022-02-24,19768.303334031727,1,0,0
2022-02-25,20455.17867393416,1,0,0
2022-02-26,20320.574191632513,1,0,0
2022-02-27,20198.671373940168,1,0,0
2022-02-28,20592.113112987667,1,0,0
2022-03-01,20469.91774662131,1,0,0
2022-03-02,20410.71852252739,1,0,0
2022-03-03,20352.66857904903,1,0,0
2022-03-04,20329.32372052609,1,0,0
2022-03-05,20193.32722195714,1,0,0
2022-03-06,20061.73882508658,1,0,0
2022-03-07,20120.37734258898,1,0,0
2022-03-08,20072.0306357684,1,0,0
2022-03-09,20037.219821261308,1,0,0
2022-03-10,19981.680429812204,1,0,0
2022-03-11,20061.03332861121,1,0,0
2022-03-12,19929.376920757644,1,0,0
2022-03-13,19816.469832650615,1,0,0
2022-03-14,19826.220994683543,1,0,0
2022-03-15,19819.60733423267,1,0,0
2022-03-16,19817.709337051776,1,0,0
2022-03-17,19774.984290740987,1,0,0
2022-03-18,19740.72513819594,1,0,0
2022-03-19,19636.65488533336,1,0,0
2022-03-20,19528.263224807488,1,0,0
2022-03-21,19717.47984005715,1,0,0
2022-03-22,19805.491855650605,1,0,0
2022-03-23,19813.146541377628,1,0,0
2022-03-24,19901.196678704036,1,0,0
2022-03-25,20565.66909967758,1,0,0
2022-03-26,20431.42480456163,1,0,0
2022-03-27,20297.495335157855,1,0,0
2022-03-28,20418.105382616457,1,0,0
2022-03-29,20447.7687863431,1,0,0
2022-03-30,20508.025891376088,1,0,0
2022-03-31,20628.19293870092,1,0,0
2022-04-01,20565.60755256206,1,0,0
2022-04-02,20400.10282357494,1,0,0
2022-04-03,20255.121741479423,1,0,0
2022-04-04,20272.712328839025,1,0,0
2022-04-05,20257.0422063867,1,0,0
2022-04-06,20255.51346803317,1,0,0
2022-04-07,20288.72629117751,1,0,0
2022-04-08,20324.834575919827,1,0,0
2022-04-09,20183.7321599584,1,0,0
2022-04-10,20060.22176531772,1,0,0
2022-04-11,20037.4888569264,1,0,0
2022-04-12,19987.699153474277,1,0,0
2022-04-13,19942.61246826489,1,0,0
2022-04-14,19940.241500901084,1,0,0
2022-04-15,19941.571438951752,1,0,0
2022-04-16,19820.196436864375,1,0,0
2022-04-17,19711.99834114557,1,0,0
2022-04-18,20120.252366528824,1,0,0
2022-04-19,19943.96081698983,1,0,0
2022-04-20,20311.42336912222,1,0,0
2022-04-21,20675.137089752578,1,0,0
2022-04-22,21170.946238970777,1,0,0
2022-04-23,20942.18367633274,1,0,0
2022-04-24,20753.624698912303,1,0,0
2022-04-25,21721.98741599753,1,0,0
2022-04-26,22197.553689982225,1,0,0
2022-04-27,22569.61279340271,1,0,0
2022-04-28,22718.10772817949,1,0,0
2022-04-29,22746.95662006938,1,0,0
2022-04-30,22537.252650609607,1,0,0
2022-05-01,22252.96332688595,1,0,0
2022-05-02,22107.03785812988,1,0,0
2022-05-03,21966.448931757113,1,0,0
2022-05-04,21816.172194584065,1,0,0
2022-05-05,21887.65644627447,1,0,0
2022-05-06,21809.9010310685,1,0,0
2022-05-07,21661.191113671444,1,0,0
2022-05-08,21505.40776593151,1,0,0
2022-05-09,21435.018849979308,1,0,0
2022-05-10,21330.25253881759,1,0,0
2022-05-11,21248.932078743088,1,0,0
2022-05-12,21174.806222468334,1,0,0
2022-05-13,21137.797820059353,1,0,0
2022-05-14,20996.04895887152,1,0,0
2022-05-15,20882.66243736713,1,0,0
2022-05-16,20756.275177622825,1,0,0
2022-05-17,20829.95799173165,1,0,0
2022-05-18,20792.92403900133,1,0,0
2022-05-19,20787.07853403412,1,0,0
2022-05-20,20979.918938115417,1,0,0
2022-05-21,20840.863600653494,1,0,0
2022-05-22,20736.208347568027,1,0,0
2022-05-23,20726.153628237964,1,0,0
2022-05-24,20713.127127200656,1,0,0
2022-05-25,21196.85346411848,1,0,0
2022-05-26,21213.380345227695,1,0,0
2022-05-27,21321.34749507466,1,0,0
2022-05-28,21205.8411484658,1,0,0
2022-05-29,21053.345200641244,1,0,0
2022-05-30,21106.438317722634,1,0,0
2022-05-31,21222.01471957293,1,0,0
2022-06-01,21081.16543859833,1,0,0
2022-06-02,20995.548341628026,1,0,0
2022-06-03,20985.02904934259,1,0,0
2022-06-04,20869.916893629907,1,0,0
2022-06-05,20754.352236440256,1,0,0
2022-06-06,20614.50498422963,1,0,0
2022-06-07,20665.093871676647,1,0,0
2022-06-08,20637.026466704,1,0,0
2022-06-09,20597.565011827945,1,0,0
2022-06-10,20505.43162674455,1,0,0
2022-06-11,20378.983628528636,1,0,0
2022-06-12,20251.034817928008,1,0,0
2022-06-13,20206.714229636313,1,0,0
2022-06-14,20171.7700286026,1,0,0
2022-06-15,20165.957614393385,1,0,0
2022-06-16,20182.57446673912,1,0,0
2022-06-17,20130.606260176657,1,0,0
2022-06-18,20012.875195161418,1,0,0
2022-06-19,19908.8680187196,1,0,0
2022-06-20,20081.836148395734,1,0,0
2022-06-21,20030.135394287496,1,0,0
2022-06-22,20031.979061296344,1,0,0
2022-06-23,20053.230132027267,1,0,0
2022-06-24,20609.993150397084,1,0,0
2022-06-25,20478.214578362808,1,0,0
2022-06-26,20349.320132663728,1,0,0
2022-06-27,20436.54172410616,1,0,0
2022-06-28,20524.472622582463,1,0,0
2022-06-29,20542.11043869967,1,0,0
2022-06-30,20740.27342710736,1,0,0
2022-07-01,20654.41110087473,1,0,0
2022-07-02,20490.87854862536,1,0,0
2022-07-03,20341.69289143558,1,0,0
2022-07-04,20400.360669605583,1,0,0
2022-07-05,20398.690064146,1,0,0
2022-07-06,20364.04602203906,1,0,0
2022-07-07,20340.68651032585,1,0,0
2022-07-08,20285.82538629768,1,0,0
2022-07-09,20156.661651493898,1,0,0
2022-07-10,20064.70284076087,1,0,0
2022-07-11,19953.570496914544,1,0,0
2022-07-12,19931.763776213797,1,0,0
2022-07-13,19870.18893313905,1,0,0
2022-07-14,19821.996598641435,1,0,0
2022-07-15,19811.24955332445,1,0,0
2022-07-16,19698.67440792799,1,0,0
2022-07-17,19600.087328851187,1,0,0
2022-07-18,19636.016492231534,1,0,0
2022-07-19,19655.581946386323,1,0,0
2022-07-20,19802.286155365666,1,0,0
2022-07-21,19789.13587956837,1,0,0
2022-07-22,19854.515760743867,1,0,0
2022-07-23,19734.374582602897,1,0,0
2022-07-24,19626.958164073985,1,0,0
2022-07-25,20162.10175574554,1,0,0
2022-07-26,20204.120583138578,1,0,0
2022-07-27,20262.114461728303,1,0,0
2022-07-28,20383.58946090672,1,0,0
2022-07-29,20502.862724951996,1,0,0
2022-07-30,20395.238925744125,1,0,0
2022-07-31,20270.21530658995,1,0,0
2022-08-01,20208.66923636055,1,0,0
2022-08-02,20178.588879548843,1,0,0
2022-08-03,20151.87370314144,1,0,0
2022-08-04,20125.763387918396,1,0,0
2022-08-05,20141.007364415676,1,0,0
2022-08-06,20030.86171193331,1,0,0
2022-08-07,19908.30023262024,1,0,0
2022-08-08,19867.261522893907,1,0,0
2022-08-09,19816.395183319182,1,0,0
2022-08-10,19757.432672940733,1,0,0
2022-08-11,19766.13652630703,1,0,0
2022-08-12,19717.46714444883,1,0,0
2022-08-13,19607.099624741644,1,0,0
2022-08-14,19501.481321000476,1,0,0
2022-08-15,19515.10537663383,1,0,0
2022-08-16,19508.202106197223,1,0,0
2022-08-17,19458.8568170113,1,0,0
2022-08-18,19417.8291421485,1,0,0
2022-08-19,19583.560501053944,1,0,0
2022-08-20,19462.616899058776,1,0,0
2022-08-21,19352.232181435375,1,0,0
2022-08-22,19349.01723372182,1,0,0
2022-08-23,19314.16186775056,1,0,0
2022-08-24,19311.14823728185,1,0,0
2022-08-25,19813.04470971394,1,0,0
2022-08-26,19946.86798667811,1,0,0
2022-08-27,19819.892224210063,1,0,0
2022-08-28,19715.499800636266,1,0,0
2022-08-29,19771.623153437424,1,0,0
2022-08-30,19896.6453011696,1,0,0
2022-08-31,19777.886075564973,1,0,0
2022-09-01,19723.123277849983,1,0,0
2022-09-02,19700.956881651506,1,0,0
2022-09-03,19572.039945666413,1,0,0
2022-09-04,19444.28482216978,1,0,0
2022-09-05,19483.114455741543,1,0,0
2022-09-06,19464.19981958132,1,0,0
2022-09-07,19460.270067408943,1,0,0
2022-09-08,19415.79680019114,1,0,0
2022-09-09,19364.946533638376,1,0,0
2022-09-10,19252.01311345956,1,0,0
2022-09-11,19138.935602507867,1,0,0
2022-09-12,19085.409815227253,1,0,0
2022-09-13,19044.08785442105,1,0,0
2022-09-14,18988.114962697186,1,0,0
2022-09-15,18987.867662936023,1,0,0
2022-09-16,18886.04169949071,1,0,0
2022-09-17,18785.908274390094,1,0,0
2022-09-18,18692.89887784839,1,0,0
2022-09-19,18940.85715529379,1,0,0
2022-09-20,18922.254045381535,1,0,0
2022-09-21,18913.956924045633,1,0,0
2022-09-22,18994.05143265247,1,0,0
2022-09-23,19483.669655171856,1,0,0
2022-09-24,19337.80488392386,1,0,0
2022-09-25,19227.312191828416,1,0,0
2022-09-26,19306.046890826023,1,0,0
2022-09-27,19347.34021070134,1,0,0
2022-09-28,19466.84181569392,1,0,0
2022-09-29,19488.191909711768,1,0,0
2022-09-30,19630.765970181623,1,0,0
2022-10-01,19391.5446543739,1,0,0
2022-10-02,19229.018788620368,1,0,0
2022-10-03,19271.062261812425,1,0,0
2022-10-04,19259.66538578141,1,0,0
2022-10-05,19298.042640173135,1,0,0
2022-10-06,19261.223318726577,1,0,0
2022-10-07,19268.44347255083,1,0,0
2022-10-08,19144.774057354098,1,0,0
2022-10-09,19036.3153622615,1,0,0
2022-10-10,18909.133865670443,1,0,0
2022-10-11,18905.138318464127,1,0,0
2022-10-12,19071.730711906963,1,0,0
2022-10-13,19016.30409324387,1,0,0
2022-10-14,19020.12872354969,1,0,0
2022-10-15,18918.573815152955,1,0,0
2022-10-16,18812.336431369364,1,0,0
2022-10-17,18883.357809141165,1,0,0
2022-10-18,19179.591165225396,1,0,0
2022-10-19,19181.31811252272,1,0,0
2022-10-20,19195.755541503426,1,0,0
2022-10-21,19278.33540457951,1,0,0
2022-10-22,19178.857423206275,1,0,0
2022-10-23,19062.558583550475,1,0,0
2022-10-24,18967.51912891683,1,0,0
2022-10-25,19103.91040493226,1,0,0
2022-10-26,19133.168489573574,1,0,0
2022-10-27,19207.557708064032,1,0,0
2022-10-28,19354.53041947014,1,0,0
2022-10-29,19228.05385393896,1,0,0
2022-10-30,19120.99858998818,1,0,0
2022-10-31,19267.75693316765,1,0,0
2022-11-01,19181.2187103528,1,0,0
2022-11-02,19131.171585940883,1,0,0
2022-11-03,19114.120879193604,1,0,0
2022-11-04,19141.242932606692,1,0,0
2022-11-05,19028.172947784096,1,0,0
2022-11-06,18907.90170662453,1,0,0
2022-11-07,18979.69507038596,1,0,0
2022-11-08,18936.27150422387,1,0,0
2022-11-09,18861.14697973846,1,0,0
2022-11-10,18788.54322738709,1,0,0
2022-11-11,18883.22900352495,1,0,0
2022-11-12,18770.379755986687,1,0,0
2022-11-13,18673.211332059906,1,0,0
2022-11-14,18652.57763212344,1,0,0
2022-11-15,18683.772178941133,1,0,0
2022-11-16,18753.51125468051,1,0,0
2022-11-17,19110.24744582441,1,0,0
2022-11-18,18991.183142759983,1,0,0
2022-11-19,18909.635571475326,1,0,0
2022-11-20,18811.33024421307,1,0,0
2022-11-21,18817.432940684903,1,0,0
2022-11-22,18795.192296835117,1,0,0
2022-11-23,18773.51294618652,1,0,0
2022-11-24,18807.543054042628,1,0,0
2022-11-25,19140.323075444347,1,0,0
2022-11-26,19027.19841873072,1,0,0
2022-11-27,18921.13290611986,1,0,0
2022-11-28,18847.16428955606,1,0,0
2022-11-29,18990.70769564874,1,0,0
2022-11-30,19143.72747593861,1,0,0
2022-12-01,19060.922826184476,1,0,0
2022-12-02,19024.692377142714,1,0,0
2022-12-03,18891.606106753818,1,0,0
2022-12-04,18763.36087595032,1,0,0
2022-12-05,18802.408114639657,1,0,0
2022-12-06,18813.79189350101,1,0,0
2022-12-07,18796.373399051532,1,0,0
2022-12-08,18745.890200667593,1,0,0
2022-12-09,18701.054534945684,1,0,0
2022-12-10,18579.062011092446,1,0,0
2022-12-11,18474.942683857284,1,0,0
2022-12-12,18427.580535744117,1,0,0
2022-12-13,18399.43530373847,1,0,0
2022-12-14,18522.420485205286,1,0,0
2022-12-15,18526.07643064824,1,0,0
2022-12-16,18552.23784075532,1,0,0
2022-12-17,18444.702824485285,1,0,0
2022-12-18,18350.862944721932,1,0,0
2022-12-19,18701.048287769347,1,0,0
2022-12-20,18744.16313671325,1,0,0
2022-12-21,18739.019866633633,1,0,0
2022-12-22,18888.194730407253,1,0,0
2022-12-23,19128.092326726422,1,0,0
2022-12-24,19003.046164152383,1,0,0
2022-12-25,18898.021635972873,1,0,0
2022-12-26,18776.88710021684,1,0,0
2022-12-27,18866.16089190656,1,0,0
2022-12-28,18960.69615502062,1,0,0
2022-12-29,18939.920633572307,1,0,0
2022-12-30,19045.317617575183,1,0,0
2022-12-31,18966.518538032255,1,0,0
2023-01-01,18748.883153516337,1,0,0
2023-01-02,18587.87806630809,1,0,0
2023-01-03,18660.69765623024,1,0,0
2023-01-04,18676.45701328788,1,0,0
2023-01-05,18742.139235024828,1,0,0
2023-01-06,18782.570089726178,1,0,0
2023-01-07,18665.782747227942,1,0,0
2023-01-08,18536.057457293813,1,0,0
2023-01-09,18565.425714783476,1,0,0
2023-01-10,18546.590620069182,1,0,0
2023-01-11,18580.41901944901,1,0,0
2023-01-12,18527.625582080414,1,0,0
2023-01-13,18798.94708496923,1,0,0
2023-01-14,18668.17862766298,1,0,0
2023-01-15,18555.632522443448,1,0,0
2023-01-16,18676.04405153516,1,0,0
2023-01-17,19148.49662422575,1,0,0
2023-01-18,19244.444687494793,1,0,0
2023-01-19,19410.818339230416,1,0,0
2023-01-20,19548.241495027243,1,0,0
2023-01-21,19416.657253996214,1,0,0
2023-01-22,19351.633999859776,1,0,0
2023-01-23,19254.915790635536,1,0,0
2023-01-24,19150.340012266995,1,0,0
2023-01-25,19208.258431337857,1,0,0
2023-01-26,19181.61414517493,1,0,0
2023-01-27,19227.099006735472,1,0,0
2023-01-28,19118.354316243727,1,0,0
2023-01-29,18989.23949997299,1,0,0
2023-01-30,19012.92401855813,1,0,0
2023-01-31,19115.255873806505,1,0,0
2023-02-01,18878.614228273174,1,0,0
2023-02-02,18907.070091265792,1,0,0
2023-02-03,18905.200368599955,1,0,0
2023-02-04,18820.94803283957,1,0,0
2023-02-05,18711.57629341393,1,0,0
2023-02-06,18605.09758448961,1,0,0
2023-02-07,18715.96468725948,1,0,0
2023-02-08,18663.881428498145,1,0,0
2023-02-09,18614.419278840487,1,0,0
2023-02-10,18553.019105460226,1,0,0
2023-02-11,18439.965712649744,1,0,0
2023-02-12,18330.184894458172,1,0,0
2023-02-13,18302.71357930873,1,0,0
2023-02-14,18251.9174376354,1,0,0
2023-02-15,18233.57157319278,1,0,0
2023-02-16,18184.109423535123,1,0,0
2023-02-17,18367.594173012018,1,0,0
2023-02-18,18258.044216806087,1,0,0
2023-02-19,18160.00986919576,1,0,0
2023-02-20,18176.10238071279,1,0,0
2023-02-21,18135.44284108918,1,0,0
2023-02-22,18136.96924547118,1,0,0
2023-02-23,18163.306534587497,1,0,0
2023-02-24,18687.17134168363,1,0,0
2023-02-25,18559.23358666577,1,0,0
2023-02-26,18449.501923883337,1,0,0
2023-02-27,18624.27252146476,1,0,0
2023-02-28,18989.122793856604,1,0,0
2023-03-01,18891.20255741186,1,0,0
2023-03-02,18874.33220502891,1,0,0
2023-03-03,18797.53050174286,1,0,0
2023-03-04,18645.64938170848,1,0,0
2023-03-05,18515.6163642114,1,0,0
2023-03-06,18559.57999104725,1,0,0
2023-03-07,18580.443520569577,1,0,0
2023-03-08,18672.64444335875,1,0,0
2023-03-09,18601.91095225463,1,0,0
2023-03-10,18542.542950090967,1,0,0
2023-03-11,18415.88695329978,1,0,0
2023-03-12,18293.689379295804,1,0,0
2023-03-13,18323.46877453295,1,0,0
2023-03-14,18302.95663156702,1,0,0
2023-03-15,18288.757428153007,1,0,0
2023-03-16,18281.482246589298,1,0,0
2023-03-17,18442.114747900116,1,0,0
2023-03-18,18313.270750276813,1,0,0
2023-03-19,18192.930287691503,1,0,0
2023-03-20,18227.64912606427,1,0,0
2023-03-21,18201.030950295113,1,0,0
2023-03-22,18313.119910079055,1,0,0
2023-03-23,18377.785596618083,1,0,0
2023-03-24,18982.172691058793,1,0,0
2023-03-25,18860.536854621296,1,0,0
2023-03-26,18738.8993954342,1,0,0
2023-03-27,18823.14352673312,1,0,0
2023-03-28,18917.688190978137,1,0,0
2023-03-29,18906.88544380441,1,0,0
2023-03-30,18924.713636637793,1,0,0
2023-03-31,19077.78680897542,1,0,0
2023-04-01,18831.602584753717,1,0,0
2023-04-02,18676.71590115773,1,0,0
2023-04-03,18708.591482572105,1,0,0
2023-04-04,18706.6895764015,1,0,0
2023-04-05,18708.628144637813,1,0,0
2023-04-06,18695.152359482578,1,0,0
2023-04-07,18725.876725021582,1,0,0
2023-04-08,18584.56230502308,1,0,0
2023-04-09,18458.07721640538,1,0,0
2023-04-10,18436.128176931103,1,0,0
2023-04-11,18392.20963539145,1,0,0
2023-04-12,18543.833449282665,1,0,0
2023-04-13,18565.51994450582,1,0,0
2023-04-14,19072.785391219357,1,0,0
2023-04-15,18918.58825925109,1,0,0
2023-04-16,18776.107953504703,1,0,0
2023-04-17,18828.20858953129,1,0,0
2023-04-18,18878.390040434497,1,0,0
2023-04-19,19001.432525432218,1,0,0
2023-04-20,19217.10446806056,1,0,0
2023-04-21,19131.232433470475,1,0,0
2023-04-22,19065.580680765997,1,0,0
2023-04-23,18966.05314087871,1,0,0
2023-04-24,18869.021695624233,1,0,0
2023-04-25,18862.42251293284,1,0,0
2023-04-26,18864.311774254307,1,0,0
2023-04-27,18925.992351570756,1,0,0
2023-04-28,19269.855731630953,1,0,0
2023-04-29,19132.979048072673,1,0,0
2023-04-30,19052.809939943712,1,0,0
2023-05-01,18774.018007854665,1,0,0
2023-05-02,18783.537805890872,1,0,0
2023-05-03,18783.021528763435,1,0,0
2023-05-04,18647.301580233943,1,0,0
2023-05-05,18777.021427836116,1,0,0
2023-05-06,18659.21922691393,1,0,0
2023-05-07,18553.51179620061,1,0,0
2023-05-08,18562.960161433308,1,0,0
2023-05-09,18495.0611999177,1,0,0
2023-05-10,18430.73707587048,1,0,0
2023-05-11,18376.63947393476,1,0,0
2023-05-12,18363.350002031904,1,0,0
2023-05-13,18237.75206125437,1,0,0
2023-05-14,18113.74207161814,1,0,0
2023-05-15,18089.058433986003,1,0,0
2023-05-16,18092.425029472608,1,0,0
2023-05-17,18229.79810936814,1,0,0
2023-05-18,18164.02422109806,1,0,0
2023-05-19,18562.551082608017,1,0,0
2023-05-20,18437.428481249182,1,0,0
2023-05-21,18323.253457970837,1,0,0
2023-05-22,18369.803347241603,1,0,0
2023-05-23,18376.85271382384,1,0,0
2023-05-24,18408.148808410107,1,0,0
2023-05-25,18715.042713054227,1,0,0
2023-05-26,18866.297166302928,1,0,0
2023-05-27,18776.330750720474,1,0,0
2023-05-28,18680.888013601525,1,0,0
2023-05-29,18726.21173892856,1,0,0
2023-05-30,18740.042337566298,1,0,0
2023-05-31,18919.932862602986,1,0,0
2023-06-01,18820.27124764551,1,0,0
2023-06-02,18785.990854974,1,0,0
2023-06-03,18659.15343538267,1,0,0
2023-06-04,18541.67313059729,1,0,0
2023-06-05,18426.00642962411,1,0,0
2023-06-06,18485.438263956046,1,0,0
2023-06-07,18491.10570667641,1,0,0
2023-06-08,18454.161916523863,1,0,0
2023-06-09,18427.13589665342,1,0,0
2023-06-10,18303.61401482868,1,0,0
2023-06-11,18196.17743766996,1,0,0
2023-06-12,18178.587546334227,1,0,0
2023-06-13,18153.73714502895,1,0,0
2023-06-14,18114.746326186178,1,0,0
2023-06-15,18121.90721117979,1,0,0
2023-06-16,18276.733579475276,1,0,0
2023-06-17,18161.14022477756,1,0,0
2023-06-18,18054.033746436093,1,0,0
2023-06-19,18064.879061073512,1,0,0
2023-06-20,18048.119132663185,1,0,0
2023-06-21,18039.397891048666,1,0,0
2023-06-22,18116.899995480817,1,0,0
2023-06-23,18648.71153716351,1,0,0
2023-06-24,18507.69423107641,1,0,0
2023-06-25,18457.02386567694,1,0,0
2023-06-26,18555.25790950417,1,0,0
2023-06-27,18683.43369013918,1,0,0
2023-06-28,18868.578779495405,1,0,0
2023-06-29,18749.867459912144,1,0,0
2023-06-30,18954.04816677243,1,0,0
2023-07-01,18717.92057529338,1,0,0
2023-07-02,18552.959116977505,1,0,0
2023-07-03,18558.90634876548,1,0,0
2023-07-04,18571.69945929851,1,0,0
2023-07-05,18546.11136251819,1,0,0
2023-07-06,18536.424912182163,1,0,0
2023-07-07,18552.47198409812,1,0,0
2023-07-08,18427.54460348236,1,0,0
2023-07-09,18304.93143596706,1,0,0
2023-07-10,18341.93067898931,1,0,0
2023-07-11,18256.33135318721,1,0,0
2023-07-12,18220.218141006742,1,0,0
2023-07-13,18168.22778587725,1,0,0
2023-07-14,18216.641407876632,1,0,0
2023-07-15,18098.749406221217,1,0,0
2023-07-16,18007.394291170967,1,0,0
2023-07-17,18025.12080740843,1,0,0
2023-07-18,18175.31942397649,1,0,0
2023-07-19,18060.246475292926,1,0,0
2023-07-20,18090.414637973143,1,0,0
2023-07-21,18121.147249293354,1,0,0
2023-07-22,18035.80738817517,1,0,0
2023-07-23,17934.60411223477,1,0,0
2023-07-24,18002.55875862803,1,0,0
2023-07-25,18536.476794040973,1,0,0
2023-07-26,18578.117932727015,1,0,0
2023-07-27,18649.408099670312,1,0,0
2023-07-28,18790.4191147679,1,0,0
2023-07-29,18649.368567901292,1,0,0
2023-07-30,18522.145927477755,1,0,0
2023-07-31,18659.61849604157,1,0,0
2023-08-01,18562.251265637708,1,0,0
2023-08-02,18503.223871931088,1,0,0
2023-08-03,18469.00265957336,1,0,0
2023-08-04,18466.253196995884,1,0,0
2023-08-05,18340.72548499081,1,0,0
2023-08-06,18220.03296665932,1,0,0
2023-08-07,18331.716063017877,1,0,0
2023-08-08,18292.593971544917,1,0,0
2023-08-09,18261.26505733176,1,0,0
2023-08-10,18229.03664803828,1,0,0
2023-08-11,18184.897736164436,1,0,0
2023-08-12,18075.52601959526,1,0,0
2023-08-13,17976.893181936135,1,0,0
2023-08-14,17983.124024451936,1,0,0
2023-08-15,17979.518738314113,1,0,0
2023-08-16,17971.322108659395,1,0,0
2023-08-17,17948.080540873692,1,0,0
2023-08-18,18116.476287627807,1,0,0
2023-08-19,18011.48246036999,1,0,0
2023-08-20,17906.483876889724,1,0,0
2023-08-21,17915.846062565564,1,0,0
2023-08-22,17933.238989120942,1,0,0
2023-08-23,17928.775720763286,1,0,0
2023-08-24,18005.987490273896,1,0,0
2023-08-25,18619.05420910068,1,0,0
2023-08-26,18489.577964686643,1,0,0
2023-08-27,18369.982350521754,1,0,0
2023-08-28,18480.440631052406,1,0,0
2023-08-29,18498.82273272733,1,0,0
2023-08-30,18640.021923137057,1,0,0
2023-08-31,18533.637501996436,1,0,0
2023-09-01,18471.382073914632,1,0,0
2023-09-02,18327.79001394895,1,0,0
2023-09-03,18197.916079996765,1,0,0
2023-09-04,18228.032231693986,1,0,0
2023-09-05,18213.53227882527,1,0,0
2023-09-06,18203.981738428894,1,0,0
2023-09-07,18256.626319600207,1,0,0
2023-09-08,18182.64022739931,1,0,0
2023-09-09,18051.235444165533,1,0,0
2023-09-10,17938.361056950514,1,0,0
2023-09-11,17957.063177445063,1,0,0
2023-09-12,17884.968933917407,1,0,0
2023-09-13,17849.827323975525,1,0,0
2023-09-14,17811.407165209883,1,0,0
2023-09-15,17843.176864913832,1,0,0
2023-09-16,17739.22221559554,1,0,0
2023-09-17,17639.537997375814,1,0,0
2023-09-18,17682.42124176613,1,0,0
2023-09-19,17673.589434468908,1,0,0
2023-09-20,17843.817195353287,1,0,0
2023-09-21,17822.941549055202,1,0,0
2023-09-22,17920.789796245423,1,0,0
2023-09-23,17802.408915120533,1,0,0
2023-09-24,17701.18280278195,1,0,0
2023-09-25,18249.99645261,1,0,0
2023-09-26,18339.54012446666,1,0,0
2023-09-27,18485.27282583911,1,0,0
2023-09-28,18405.473635041155,1,0,0
2023-09-29,18610.576654026165,1,0,0
2023-09-30,18521.24305759593,1,0,0
2023-10-01,18278.78085465911,1,0,0
2023-10-02,18281.54966330424,1,0,0
2023-10-03,18243.157246112147,1,0,0
2023-10-04,18243.67609919281,1,0,0
2023-10-05,18261.148470247088,1,0,0
2023-10-06,18301.83708768658,1,0,0
2023-10-07,18197.105271857115,1,0,0
2023-10-08,18075.73529908241,1,0,0
2023-10-09,18074.7332829637,1,0,0
2023-10-10,18041.41607381222,1,0,0
2023-10-11,18008.7461669155,1,0,0
2023-10-12,17960.19860615357,1,0,0
2023-10-13,17954.76789418713,1,0,0
2023-10-14,17841.458358301006,1,0,0
2023-10-15,17745.27214984878,1,0,0
2023-10-16,17769.584080755903,1,0,0
2023-10-17,17744.970818711907,1,0,0
2023-10-18,17944.996746877317,1,0,0
2023-10-19,17929.68372486002,1,0,0
2023-10-20,17925.22868387966,1,0,0
2023-10-21,17806.33420422686,1,0,0
2023-10-22,17728.622771626247,1,0,0
2023-10-23,17738.297467327902,1,0,0
2023-10-24,17770.560256840166,1,0,0
2023-10-25,18288.252771370804,1,0,0
2023-10-26,18373.19874110155,1,0,0
2023-10-27,18513.707183154704,1,0,0
2023-10-28,18408.130222779982,1,0,0
2023-10-29,18273.706388058457,1,0,0
2023-10-30,18329.692905440937,1,0,0
2023-10-31,18452.857385778367,1,0,0
2023-11-01,18382.04463451125,1,0,0
2023-11-02,18339.199691974696,1,0,0
2023-11-03,18335.91829351382,1,0,0
2023-11-04,18208.25389801046,1,0,0
2023-11-05,18086.9419177258,1,0,0
2023-11-06,18150.69781593903,1,0,0
2023-11-07,18224.527278251317,1,0,0
2023-11-08,18219.60128688709,1,0,0
2023-11-09,18189.81928441008,1,0,0
2023-11-10,18146.188652928875,1,0,0
2023-11-11,18001.84702002254,1,0,0
2023-11-12,17904.11282831124,1,0,0
2023-11-13,17795.150779433006,1,0,0
2023-11-14,17784.836213448925,1,0,0
2023-11-15,17735.565453197236,1,0,0
2023-11-16,17720.32447463694,1,0,0
2023-11-17,17914.21214511524,1,0,0
2023-11-18,17798.52335102422,1,0,0
2023-11-19,17694.772221542164,1,0,0
2023-11-20,17775.590175538702,1,0,0
2023-11-21,17735.859304927188,1,0,0
2023-11-22,17824.14562831126,1,0,0
2023-11-23,17885.59088520669,1,0,0
2023-11-24,18390.00294634228,1,0,0
2023-11-25,18269.227987534032,1,0,0
2023-11-26,18151.723815553603,1,0,0
2023-11-27,18264.7984859514,1,0,0
2023-11-28,18373.65287292716,1,0,0
2023-11-29,18433.184612389978,1,0,0
2023-11-30,18578.61697418054,1,0,0
2023-12-01,18505.5756267446,1,0,0
2023-12-02,18346.58626401296,1,0,0
2023-12-03,18203.024375114568,1,0,0
2023-12-04,18237.614915343987,1,0,0
2023-12-05,18228.2953934852,1,0,0
2023-12-06,18213.516310883668,1,0,0
2023-12-07,18229.84651858793,1,0,0
2023-12-08,18244.13695194692,1,0,0
2023-12-09,18118.83313569272,1,0,0
2023-12-10,18009.139792099344,1,0,0
2023-12-11,17968.391764950284,1,0,0
2023-12-12,17910.64653293146,1,0,0
2023-12-13,18078.469275128868,1,0,0
2023-12-14,18047.680577844578,1,0,0
2023-12-15,18136.53603847158,1,0,0
2023-12-16,18018.300681130837,1,0,0
2023-12-17,17909.437450899957,1,0,0
2023-12-18,17960.35697064004,1,0,0
2023-12-19,18323.854251535675,1,0,0
2023-12-20,18410.547343282127,1,0,0
2023-12-21,18442.057821411836,1,0,0
2023-12-22,18715.331043849732,1,0,0
2023-12-23,18579.390858918996,1,0,0
2023-12-24,18470.337166423466,1,0,0
2023-12-25,18369.71774360828,1,0,0
2023-12-26,18414.496744533575,1,0,0
2023-12-27,18497.10513408013,1,0,0
2023-12-28,18610.50430981372,1,0,0
2023-12-29,18762.80511959405,1,0,0
2023-12-30,18651.70481694874,1,0,0
