Days,Years,S(t)
0,0.0,1.0
1,0.0027397260273972603,1.0
2,0.005479452054794521,1.0
3,0.00821917808219178,0.9873310306246038
4,0.010958904109589041,0.9840829761198724
5,0.0136986301369863,0.9806263150003827
6,0.01643835616438356,0.9785804353621727
7,0.019178082191780823,0.9785804353621727
8,0.021917808219178082,0.9785804353621727
9,0.024657534246575342,0.9785804353621727
10,0.0273972602739726,0.9785804353621727
11,0.030136986301369864,0.9785804353621727
12,0.03287671232876712,0.9785804353621727
13,0.03561643835616438,0.9785804353621727
14,0.038356164383561646,0.9785804353621727
15,0.0410958904109589,0.9785804353621727
16,0.043835616438356165,0.9785804353621727
17,0.04657534246575343,0.9785804353621727
18,0.049315068493150684,0.9785804353621727
19,0.052054794520547946,0.9396785372133708
20,0.0547945205479452,0.9287747996492665
21,0.057534246575342465,0.9287747996492665
22,0.06027397260273973,0.9287747996492665
23,0.06301369863013699,0.9287747996492665
24,0.06575342465753424,0.9191537902330323
25,0.0684931506849315,0.900681846219142
26,0.07123287671232877,0.8892380719375528
27,0.07397260273972603,0.8818450023638388
28,0.07671232876712329,0.8818450023638388
29,0.07945205479452055,0.8818450023638388
30,0.0821917808219178,0.8818450023638388
31,0.08493150684931507,0.8818450023638388
32,0.08767123287671233,0.8818450023638388
33,0.09041095890410959,0.8818450023638388
34,0.09315068493150686,0.8818450023638388
35,0.0958904109589041,0.8818450023638388
36,0.09863013698630137,0.8818450023638388
37,0.10136986301369863,0.8818450023638388
38,0.10410958904109589,0.8818450023638388
39,0.10684931506849316,0.8818450023638388
40,0.1095890410958904,0.8818450023638388
41,0.11232876712328767,0.8818450023638388
42,0.11506849315068493,0.8818450023638388
43,0.1178082191780822,0.8818450023638388
44,0.12054794520547946,0.8818450023638388
45,0.1232876712328767,0.8818450023638388
46,0.12602739726027398,0.8818450023638388
47,0.12876712328767123,0.8818450023638388
48,0.13150684931506848,0.8818450023638388
49,0.13424657534246576,0.8818450023638388
50,0.136986301369863,0.8818450023638388
51,0.13972602739726028,0.8818450023638388
52,0.14246575342465753,0.8818450023638388
53,0.14520547945205478,0.8818450023638388
54,0.14794520547945206,0.8818450023638388
55,0.1506849315068493,0.8798432079957331
56,0.15342465753424658,0.8798432079957331
57,0.15616438356164383,0.8798432079957331
58,0.1589041095890411,0.8798432079957331
59,0.16164383561643836,0.8670176299790112
60,0.1643835616438356,0.8670176299790112
61,0.16712328767123288,0.8670176299790112
62,0.16986301369863013,0.8670176299790112
63,0.1726027397260274,0.8670176299790112
64,0.17534246575342466,0.8670176299790112
65,0.1780821917808219,0.8670176299790112
66,0.18082191780821918,0.8670176299790112
67,0.18356164383561643,0.8670176299790112
68,0.1863013698630137,0.8670176299790112
69,0.18904109589041096,0.8670176299790112
70,0.1917808219178082,0.8670176299790112
71,0.19452054794520549,0.8670176299790112
72,0.19726027397260273,0.8670176299790112
73,0.2,0.8670176299790112
74,0.20273972602739726,0.8670176299790112
75,0.2054794520547945,0.8670176299790112
76,0.20821917808219179,0.8670176299790112
77,0.21095890410958903,0.8670176299790112
78,0.2136986301369863,0.8670176299790112
79,0.21643835616438356,0.8670176299790112
80,0.2191780821917808,0.8670176299790112
81,0.2219178082191781,0.8670176299790112
82,0.22465753424657534,0.8670176299790112
83,0.2273972602739726,0.8565882381949567
84,0.23013698630136986,0.8565882381949567
85,0.2328767123287671,0.8565882381949567
86,0.2356164383561644,0.8565882381949567
87,0.23835616438356164,0.8565882381949567
88,0.2410958904109589,0.8565882381949567
89,0.24383561643835616,0.8558128670961807
90,0.2465753424657534,0.8472719298842176
91,0.2493150684931507,0.8472719298842176
92,0.25205479452054796,0.8472719298842176
93,0.2547945205479452,0.8472719298842176
94,0.25753424657534246,0.8472719298842176
95,0.2602739726027397,0.8472719298842176
96,0.26301369863013696,0.8472719298842176
97,0.26575342465753427,0.8472719298842176
98,0.2684931506849315,0.8472719298842176
99,0.27123287671232876,0.8472719298842176
100,0.273972602739726,0.8472719298842176
101,0.27671232876712326,0.8472719298842176
102,0.27945205479452057,0.8472719298842176
103,0.2821917808219178,0.8472719298842176
104,0.28493150684931506,0.8472719298842176
105,0.2876712328767123,0.8472719298842176
106,0.29041095890410956,0.8472719298842176
107,0.29315068493150687,0.8472719298842176
108,0.2958904109589041,0.8472719298842176
109,0.29863013698630136,0.8472719298842176
110,0.3013698630136986,0.8472719298842176
111,0.3041095890410959,0.8472719298842176
112,0.30684931506849317,0.8472719298842176
113,0.3095890410958904,0.8472719298842176
114,0.31232876712328766,0.8472719298842176
115,0.3150684931506849,0.8472719298842176
116,0.3178082191780822,0.8472719298842176
117,0.32054794520547947,0.8472719298842176
118,0.3232876712328767,0.8472719298842176
119,0.32602739726027397,0.8472719298842176
120,0.3287671232876712,0.8472719298842176
121,0.3315068493150685,0.8472719298842176
122,0.33424657534246577,0.8472719298842176
123,0.336986301369863,0.8472719298842176
124,0.33972602739726027,0.8472719298842176
125,0.3424657534246575,0.8472719298842176
126,0.3452054794520548,0.8472719298842176
127,0.34794520547945207,0.8472719298842176
128,0.3506849315068493,0.8472719298842176
129,0.35342465753424657,0.8472719298842176
130,0.3561643835616438,0.8472719298842176
131,0.3589041095890411,0.8472719298842176
132,0.36164383561643837,0.8472719298842176
133,0.3643835616438356,0.8472719298842176
134,0.36712328767123287,0.8472719298842176
135,0.3698630136986301,0.8472719298842176
136,0.3726027397260274,0.8472719298842176
137,0.37534246575342467,0.8472719298842176
138,0.3780821917808219,0.8472719298842176
139,0.38082191780821917,0.8472719298842176
140,0.3835616438356164,0.8472719298842176
141,0.3863013698630137,0.8472719298842176
142,0.38904109589041097,0.8472719298842176
143,0.3917808219178082,0.8472719298842176
144,0.39452054794520547,0.8472719298842176
145,0.3972602739726027,0.8472719298842176
146,0.4,0.8472719298842176
147,0.40273972602739727,0.8472719298842176
148,0.4054794520547945,0.8472719298842176
149,0.40821917808219177,0.8472719298842176
150,0.410958904109589,0.8472719298842176
151,0.4136986301369863,0.8472719298842176
152,0.41643835616438357,0.8472719298842176
153,0.4191780821917808,0.8472719298842176
154,0.42191780821917807,0.8472719298842176
155,0.4246575342465753,0.8472719298842176
156,0.4273972602739726,0.8472719298842176
157,0.4301369863013699,0.8472719298842176
158,0.4328767123287671,0.8472719298842176
159,0.43561643835616437,0.8472719298842176
160,0.4383561643835616,0.8472719298842176
161,0.4410958904109589,0.8472719298842176
162,0.4438356164383562,0.8472719298842176
163,0.4465753424657534,0.8472719298842176
164,0.44931506849315067,0.8472719298842176
165,0.4520547945205479,0.8472719298842176
166,0.4547945205479452,0.8472719298842176
167,0.4575342465753425,0.8472719298842176
168,0.4602739726027397,0.8472719298842176
169,0.46301369863013697,0.8472719298842176
170,0.4657534246575342,0.8472719298842176
171,0.4684931506849315,0.8472719298842176
172,0.4712328767123288,0.8472719298842176
173,0.473972602739726,0.8472719298842176
174,0.4767123287671233,0.8449006108204274
175,0.4794520547945205,0.8449006108204274
176,0.4821917808219178,0.8449006108204274
177,0.4849315068493151,0.8449006108204274
178,0.4876712328767123,0.8449006108204274
179,0.4904109589041096,0.8449006108204274
180,0.4931506849315068,0.8449006108204274
181,0.4958904109589041,0.8449006108204274
182,0.4986301369863014,0.8449006108204274
183,0.5013698630136987,0.8449006108204274
184,0.5041095890410959,0.8449006108204274
185,0.5068493150684932,0.8449006108204274
186,0.5095890410958904,0.8449006108204274
187,0.5123287671232877,0.8449006108204274
188,0.5150684931506849,0.8449006108204274
189,0.5178082191780822,0.8449006108204274
190,0.5205479452054794,0.8449006108204274
191,0.5232876712328767,0.8449006108204274
192,0.5260273972602739,0.8449006108204274
193,0.5287671232876713,0.8449006108204274
194,0.5315068493150685,0.8449006108204274
195,0.5342465753424658,0.8449006108204274
196,0.536986301369863,0.8449006108204274
197,0.5397260273972603,0.8449006108204274
198,0.5424657534246575,0.8449006108204274
199,0.5452054794520548,0.8449006108204274
200,0.547945205479452,0.8449006108204274
201,0.5506849315068493,0.8449006108204274
202,0.5534246575342465,0.8449006108204274
203,0.5561643835616439,0.8449006108204274
204,0.5589041095890411,0.8449006108204274
205,0.5616438356164384,0.8449006108204274
206,0.5643835616438356,0.8263857772729505
207,0.5671232876712329,0.8238458420807097
208,0.5698630136986301,0.8204028983713463
209,0.5726027397260274,0.8114943552699782
210,0.5753424657534246,0.8114943552699782
211,0.5780821917808219,0.8114943552699782
212,0.5808219178082191,0.8114943552699782
213,0.5835616438356165,0.8114943552699782
214,0.5863013698630137,0.8114943552699782
215,0.589041095890411,0.8114943552699782
216,0.5917808219178082,0.8087529987019451
217,0.5945205479452055,0.8087529987019451
218,0.5972602739726027,0.8087529987019451
219,0.6,0.8087529987019451
220,0.6027397260273972,0.8087529987019451
221,0.6054794520547945,0.8087529987019451
222,0.6082191780821918,0.8087529987019451
223,0.6109589041095891,0.8087529987019451
224,0.6136986301369863,0.8087529987019451
225,0.6164383561643836,0.8087529987019451
226,0.6191780821917808,0.8087529987019451
227,0.6219178082191781,0.8087529987019451
228,0.6246575342465753,0.8087529987019451
229,0.6273972602739726,0.8087529987019451
230,0.6301369863013698,0.8087529987019451
231,0.6328767123287671,0.8087529987019451
232,0.6356164383561644,0.8087529987019451
233,0.6383561643835617,0.8087529987019451
234,0.6410958904109589,0.8087529987019451
235,0.6438356164383562,0.8087529987019451
236,0.6465753424657534,0.7919499859409428
237,0.6493150684931507,0.7788055099967419
238,0.6520547945205479,0.7788055099967419
239,0.6547945205479452,0.7788055099967419
240,0.6575342465753424,0.7788055099967419
241,0.6602739726027397,0.7788055099967419
242,0.663013698630137,0.7722459699101147
243,0.6657534246575343,0.7722459699101147
244,0.6684931506849315,0.7722459699101147
245,0.6712328767123288,0.7722459699101147
246,0.673972602739726,0.7722459699101147
247,0.6767123287671233,0.7722459699101147
248,0.6794520547945205,0.7722459699101147
249,0.6821917808219178,0.7722459699101147
250,0.684931506849315,0.7722459699101147
251,0.6876712328767123,0.7722459699101147
252,0.6904109589041096,0.7722459699101147
253,0.6931506849315069,0.7722459699101147
254,0.6958904109589041,0.7722459699101147
255,0.6986301369863014,0.7722459699101147
256,0.7013698630136986,0.7722459699101147
257,0.7041095890410959,0.7722459699101147
258,0.7068493150684931,0.7722459699101147
259,0.7095890410958904,0.7722459699101147
260,0.7123287671232876,0.7722459699101147
261,0.7150684931506849,0.7722459699101147
262,0.7178082191780822,0.7722459699101147
263,0.7205479452054795,0.7722459699101147
264,0.7232876712328767,0.7722459699101147
265,0.726027397260274,0.7722459699101147
266,0.7287671232876712,0.7722459699101147
267,0.7315068493150685,0.7722459699101147
268,0.7342465753424657,0.7721501345113906
269,0.736986301369863,0.7689273414261257
270,0.7397260273972602,0.7657180514658745
271,0.7424657534246575,0.7590480377145001
272,0.7452054794520548,0.752531064265097
273,0.7479452054794521,0.752531064265097
274,0.7506849315068493,0.752531064265097
275,0.7534246575342466,0.752531064265097
276,0.7561643835616438,0.752531064265097
277,0.7589041095890411,0.752531064265097
278,0.7616438356164383,0.752531064265097
279,0.7643835616438356,0.752531064265097
280,0.7671232876712328,0.752531064265097
281,0.7698630136986301,0.752531064265097
282,0.7726027397260274,0.752531064265097
283,0.7753424657534247,0.752531064265097
284,0.7780821917808219,0.752531064265097
285,0.7808219178082192,0.752531064265097
286,0.7835616438356164,0.752531064265097
287,0.7863013698630137,0.752531064265097
288,0.7890410958904109,0.752531064265097
289,0.7917808219178082,0.752531064265097
290,0.7945205479452054,0.752531064265097
291,0.7972602739726027,0.752531064265097
292,0.8,0.752531064265097
293,0.8027397260273973,0.752531064265097
294,0.8054794520547945,0.752531064265097
295,0.8082191780821918,0.752531064265097
296,0.810958904109589,0.752531064265097
297,0.8136986301369863,0.752531064265097
298,0.8164383561643835,0.752531064265097
299,0.8191780821917808,0.752531064265097
300,0.821917808219178,0.752531064265097
301,0.8246575342465754,0.752531064265097
302,0.8273972602739726,0.752531064265097
303,0.8301369863013699,0.752531064265097
304,0.8328767123287671,0.752531064265097
305,0.8356164383561644,0.752531064265097
306,0.8383561643835616,0.752531064265097
307,0.8410958904109589,0.752531064265097
308,0.8438356164383561,0.752531064265097
309,0.8465753424657534,0.752531064265097
310,0.8493150684931506,0.752531064265097
311,0.852054794520548,0.752531064265097
312,0.8547945205479452,0.752531064265097
313,0.8575342465753425,0.752531064265097
314,0.8602739726027397,0.752531064265097
315,0.863013698630137,0.752531064265097
316,0.8657534246575342,0.752531064265097
317,0.8684931506849315,0.752531064265097
318,0.8712328767123287,0.752531064265097
319,0.873972602739726,0.752531064265097
320,0.8767123287671232,0.752531064265097
321,0.8794520547945206,0.752531064265097
322,0.8821917808219178,0.752531064265097
323,0.8849315068493151,0.752531064265097
324,0.8876712328767123,0.752531064265097
325,0.8904109589041096,0.752531064265097
326,0.8931506849315068,0.752531064265097
327,0.8958904109589041,0.752531064265097
328,0.8986301369863013,0.752531064265097
329,0.9013698630136986,0.752531064265097
330,0.9041095890410958,0.752531064265097
331,0.9068493150684932,0.752531064265097
332,0.9095890410958904,0.752531064265097
333,0.9123287671232877,0.752531064265097
334,0.915068493150685,0.752531064265097
335,0.9178082191780822,0.752531064265097
336,0.9205479452054794,0.752531064265097
337,0.9232876712328767,0.752531064265097
338,0.9260273972602739,0.752531064265097
339,0.9287671232876712,0.752531064265097
340,0.9315068493150684,0.752531064265097
341,0.9342465753424658,0.752531064265097
342,0.936986301369863,0.752531064265097
343,0.9397260273972603,0.752531064265097
344,0.9424657534246575,0.752531064265097
345,0.9452054794520548,0.752531064265097
346,0.947945205479452,0.752531064265097
347,0.9506849315068493,0.752531064265097
348,0.9534246575342465,0.752531064265097
349,0.9561643835616438,0.752531064265097
350,0.958904109589041,0.752531064265097
351,0.9616438356164384,0.752531064265097
352,0.9643835616438357,0.752531064265097
353,0.9671232876712329,0.752531064265097
354,0.9698630136986301,0.752531064265097
355,0.9726027397260274,0.7465273811236685
356,0.9753424657534246,0.7330757674140038
357,0.9780821917808219,0.7330757674140038
358,0.9808219178082191,0.7330757674140038
359,0.9835616438356164,0.7330757674140038
360,0.9863013698630136,0.7330757674140038
361,0.989041095890411,0.7330757674140038
362,0.9917808219178083,0.7330757674140038
363,0.9945205479452055,0.7330757674140038
364,0.9972602739726028,0.7330757674140038
365,1.0,0.7330757674140038
366,1.0027397260273974,0.7330757674140038
367,1.0054794520547945,0.7330757674140038
368,1.0082191780821919,0.7330757674140038
369,1.010958904109589,0.7330757674140038
370,1.0136986301369864,0.7330757674140038
371,1.0164383561643835,0.7330757674140038
372,1.0191780821917809,0.7330757674140038
373,1.021917808219178,0.7330757674140038
374,1.0246575342465754,0.7330757674140038
375,1.0273972602739727,0.7330757674140038
376,1.0301369863013699,0.7330757674140038
377,1.0328767123287672,0.7330757674140038
378,1.0356164383561643,0.7330757674140038
379,1.0383561643835617,0.7330757674140038
380,1.0410958904109588,0.7330757674140038
381,1.0438356164383562,0.7330757674140038
382,1.0465753424657533,0.7330757674140038
383,1.0493150684931507,0.7330757674140038
384,1.0520547945205478,0.7330757674140038
385,1.0547945205479452,0.7330757674140038
386,1.0575342465753426,0.7330757674140038
387,1.0602739726027397,0.7330757674140038
388,1.063013698630137,0.7330757674140038
389,1.0657534246575342,0.7330757674140038
390,1.0684931506849316,0.7330757674140038
391,1.0712328767123287,0.7294387569394414
392,1.073972602739726,0.7294387569394414
393,1.0767123287671232,0.7294387569394414
394,1.0794520547945206,0.7294387569394414
395,1.082191780821918,0.7247413620141403
396,1.084931506849315,0.7247413620141403
397,1.0876712328767124,0.7247413620141403
398,1.0904109589041096,0.7247413620141403
399,1.093150684931507,0.7247413620141403
400,1.095890410958904,0.7247413620141403
401,1.0986301369863014,0.7247413620141403
402,1.1013698630136985,0.7247413620141403
403,1.104109589041096,0.7247413620141403
404,1.106849315068493,0.7166154609900539
405,1.1095890410958904,0.7159752701671024
406,1.1123287671232878,0.7159752701671024
407,1.115068493150685,0.7159752701671024
408,1.1178082191780823,0.7159752701671024
409,1.1205479452054794,0.7159752701671024
410,1.1232876712328768,0.7159752701671024
411,1.126027397260274,0.714281953683281
412,1.1287671232876713,0.714281953683281
413,1.1315068493150684,0.714281953683281
414,1.1342465753424658,0.714281953683281
415,1.1369863013698631,0.714281953683281
416,1.1397260273972603,0.714281953683281
417,1.1424657534246576,0.714281953683281
418,1.1452054794520548,0.714281953683281
419,1.1479452054794521,0.714281953683281
420,1.1506849315068493,0.714281953683281
421,1.1534246575342466,0.714281953683281
422,1.1561643835616437,0.714281953683281
423,1.158904109589041,0.714281953683281
424,1.1616438356164382,0.7118499367545092
425,1.1643835616438356,0.7118499367545092
426,1.167123287671233,0.7118499367545092
427,1.16986301369863,0.7118499367545092
428,1.1726027397260275,0.7118499367545092
429,1.1753424657534246,0.7118499367545092
430,1.178082191780822,0.7118499367545092
431,1.180821917808219,0.7118499367545092
432,1.1835616438356165,0.7118499367545092
433,1.1863013698630136,0.7118499367545092
434,1.189041095890411,0.7118499367545092
435,1.1917808219178083,0.7118499367545092
436,1.1945205479452055,0.7118499367545092
437,1.1972602739726028,0.7118499367545092
438,1.2,0.7118499367545092
439,1.2027397260273973,0.7118499367545092
440,1.2054794520547945,0.7118499367545092
441,1.2082191780821918,0.7118499367545092
442,1.210958904109589,0.7118499367545092
443,1.2136986301369863,0.7118499367545092
444,1.2164383561643837,0.7118499367545092
445,1.2191780821917808,0.7118499367545092
446,1.2219178082191782,0.7118499367545092
447,1.2246575342465753,0.7026250869110336
448,1.2273972602739727,0.7026250869110336
449,1.2301369863013698,0.7026250869110336
450,1.2328767123287672,0.7026250869110336
451,1.2356164383561643,0.7026250869110336
452,1.2383561643835617,0.7007418995821191
453,1.2410958904109588,0.697940767921407
454,1.2438356164383562,0.6928156102881662
455,1.2465753424657535,0.6928156102881662
456,1.2493150684931507,0.6928156102881662
457,1.252054794520548,0.6928156102881662
458,1.2547945205479452,0.6928156102881662
459,1.2575342465753425,0.6928156102881662
460,1.2602739726027397,0.6928156102881662
461,1.263013698630137,0.6928156102881662
462,1.2657534246575342,0.6928156102881662
463,1.2684931506849315,0.6928156102881662
464,1.2712328767123289,0.6928156102881662
465,1.273972602739726,0.6928156102881662
466,1.2767123287671234,0.6928156102881662
467,1.2794520547945205,0.6928156102881662
468,1.2821917808219179,0.6928156102881662
469,1.284931506849315,0.6928156102881662
470,1.2876712328767124,0.6928156102881662
471,1.2904109589041095,0.6928156102881662
472,1.2931506849315069,0.6928156102881662
473,1.295890410958904,0.6928156102881662
474,1.2986301369863014,0.6928156102881662
475,1.3013698630136987,0.6928156102881662
476,1.3041095890410959,0.6928156102881662
477,1.3068493150684932,0.6928156102881662
478,1.3095890410958904,0.6928156102881662
479,1.3123287671232877,0.6928156102881662
480,1.3150684931506849,0.6928156102881662
481,1.3178082191780822,0.6928156102881662
482,1.3205479452054794,0.6914800079037222
483,1.3232876712328767,0.6914800079037222
484,1.326027397260274,0.6914800079037222
485,1.3287671232876712,0.6914800079037222
486,1.3315068493150686,0.6914800079037222
487,1.3342465753424657,0.6914800079037222
488,1.336986301369863,0.6914800079037222
489,1.3397260273972602,0.6914800079037222
490,1.3424657534246576,0.6914800079037222
491,1.3452054794520547,0.6914800079037222
492,1.347945205479452,0.6914800079037222
493,1.3506849315068492,0.6914800079037222
494,1.3534246575342466,0.6914800079037222
495,1.356164383561644,0.6914800079037222
496,1.358904109589041,0.6914800079037222
497,1.3616438356164384,0.6914800079037222
498,1.3643835616438356,0.6914800079037222
499,1.367123287671233,0.6914800079037222
500,1.36986301369863,0.6914800079037222
501,1.3726027397260274,0.6914800079037222
502,1.3753424657534246,0.6914800079037222
503,1.378082191780822,0.6914800079037222
504,1.3808219178082193,0.6914800079037222
505,1.3835616438356164,0.6914800079037222
506,1.3863013698630138,0.6914800079037222
507,1.389041095890411,0.6914800079037222
508,1.3917808219178083,0.6914800079037222
509,1.3945205479452054,0.6914800079037222
510,1.3972602739726028,0.685020282812528
511,1.4,0.685020282812528
512,1.4027397260273973,0.685020282812528
513,1.4054794520547946,0.685020282812528
514,1.4082191780821918,0.685020282812528
515,1.4109589041095891,0.685020282812528
516,1.4136986301369863,0.685020282812528
517,1.4164383561643836,0.685020282812528
518,1.4191780821917808,0.685020282812528
519,1.4219178082191781,0.685020282812528
520,1.4246575342465753,0.685020282812528
521,1.4273972602739726,0.685020282812528
522,1.4301369863013698,0.685020282812528
523,1.4328767123287671,0.685020282812528
524,1.4356164383561645,0.685020282812528
525,1.4383561643835616,0.685020282812528
526,1.441095890410959,0.685020282812528
527,1.4438356164383561,0.685020282812528
528,1.4465753424657535,0.685020282812528
529,1.4493150684931506,0.685020282812528
530,1.452054794520548,0.685020282812528
531,1.4547945205479451,0.685020282812528
532,1.4575342465753425,0.685020282812528
533,1.4602739726027398,0.685020282812528
534,1.463013698630137,0.685020282812528
535,1.4657534246575343,0.685020282812528
536,1.4684931506849315,0.685020282812528
537,1.4712328767123288,0.685020282812528
538,1.473972602739726,0.685020282812528
539,1.4767123287671233,0.685020282812528
540,1.4794520547945205,0.685020282812528
541,1.4821917808219178,0.685020282812528
542,1.484931506849315,0.685020282812528
543,1.4876712328767123,0.685020282812528
544,1.4904109589041097,0.685020282812528
545,1.4931506849315068,0.685020282812528
546,1.4958904109589042,0.685020282812528
547,1.4986301369863013,0.685020282812528
548,1.5013698630136987,0.685020282812528
549,1.5041095890410958,0.685020282812528
550,1.5068493150684932,0.685020282812528
551,1.5095890410958903,0.685020282812528
552,1.5123287671232877,0.685020282812528
553,1.515068493150685,0.685020282812528
554,1.5178082191780822,0.685020282812528
555,1.5205479452054795,0.685020282812528
556,1.5232876712328767,0.685020282812528
557,1.526027397260274,0.685020282812528
558,1.5287671232876712,0.685020282812528
559,1.5315068493150685,0.685020282812528
560,1.5342465753424657,0.685020282812528
561,1.536986301369863,0.685020282812528
562,1.5397260273972602,0.685020282812528
563,1.5424657534246575,0.685020282812528
564,1.5452054794520549,0.685020282812528
565,1.547945205479452,0.685020282812528
566,1.5506849315068494,0.685020282812528
567,1.5534246575342465,0.685020282812528
568,1.5561643835616439,0.685020282812528
569,1.558904109589041,0.685020282812528
570,1.5616438356164384,0.685020282812528
571,1.5643835616438355,0.685020282812528
572,1.5671232876712329,0.685020282812528
573,1.5698630136986302,0.685020282812528
574,1.5726027397260274,0.685020282812528
575,1.5753424657534247,0.685020282812528
576,1.5780821917808219,0.685020282812528
577,1.5808219178082192,0.685020282812528
578,1.5835616438356164,0.685020282812528
579,1.5863013698630137,0.685020282812528
580,1.5890410958904109,0.685020282812528
581,1.5917808219178082,0.685020282812528
582,1.5945205479452054,0.685020282812528
583,1.5972602739726027,0.685020282812528
584,1.6,0.685020282812528
585,1.6027397260273972,0.685020282812528
586,1.6054794520547946,0.685020282812528
587,1.6082191780821917,0.685020282812528
588,1.610958904109589,0.685020282812528
589,1.6136986301369862,0.685020282812528
590,1.6164383561643836,0.685020282812528
591,1.6191780821917807,0.685020282812528
592,1.621917808219178,0.685020282812528
593,1.6246575342465754,0.685020282812528
594,1.6273972602739726,0.685020282812528
595,1.63013698630137,0.685020282812528
596,1.632876712328767,0.685020282812528
597,1.6356164383561644,0.685020282812528
598,1.6383561643835616,0.685020282812528
599,1.641095890410959,0.685020282812528
600,1.643835616438356,0.685020282812528
601,1.6465753424657534,0.685020282812528
602,1.6493150684931508,0.685020282812528
603,1.652054794520548,0.685020282812528
604,1.6547945205479453,0.685020282812528
605,1.6575342465753424,0.685020282812528
606,1.6602739726027398,0.685020282812528
607,1.663013698630137,0.685020282812528
608,1.6657534246575343,0.685020282812528
609,1.6684931506849314,0.685020282812528
610,1.6712328767123288,0.685020282812528
611,1.673972602739726,0.685020282812528
612,1.6767123287671233,0.685020282812528
613,1.6794520547945206,0.685020282812528
614,1.6821917808219178,0.685020282812528
615,1.6849315068493151,0.685020282812528
616,1.6876712328767123,0.685020282812528
617,1.6904109589041096,0.685020282812528
618,1.6931506849315068,0.685020282812528
619,1.6958904109589041,0.685020282812528
620,1.6986301369863013,0.685020282812528
621,1.7013698630136986,0.685020282812528
622,1.704109589041096,0.685020282812528
623,1.7068493150684931,0.685020282812528
624,1.7095890410958905,0.685020282812528
625,1.7123287671232876,0.685020282812528
626,1.715068493150685,0.685020282812528
627,1.7178082191780821,0.685020282812528
628,1.7205479452054795,0.685020282812528
629,1.7232876712328766,0.685020282812528
630,1.726027397260274,0.685020282812528
631,1.7287671232876711,0.685020282812528
632,1.7315068493150685,0.685020282812528
633,1.7342465753424658,0.685020282812528
634,1.736986301369863,0.685020282812528
635,1.7397260273972603,0.685020282812528
636,1.7424657534246575,0.685020282812528
637,1.7452054794520548,0.685020282812528
638,1.747945205479452,0.685020282812528
639,1.7506849315068493,0.685020282812528
640,1.7534246575342465,0.685020282812528
641,1.7561643835616438,0.685020282812528
642,1.7589041095890412,0.685020282812528
643,1.7616438356164383,0.685020282812528
644,1.7643835616438357,0.685020282812528
645,1.7671232876712328,0.685020282812528
646,1.7698630136986302,0.685020282812528
647,1.7726027397260273,0.685020282812528
648,1.7753424657534247,0.685020282812528
649,1.7780821917808218,0.685020282812528
650,1.7808219178082192,0.685020282812528
651,1.7835616438356163,0.685020282812528
652,1.7863013698630137,0.685020282812528
653,1.789041095890411,0.685020282812528
654,1.7917808219178082,0.685020282812528
655,1.7945205479452055,0.685020282812528
656,1.7972602739726027,0.685020282812528
657,1.8,0.685020282812528
658,1.8027397260273972,0.685020282812528
659,1.8054794520547945,0.685020282812528
660,1.8082191780821917,0.685020282812528
661,1.810958904109589,0.685020282812528
662,1.8136986301369864,0.685020282812528
663,1.8164383561643835,0.685020282812528
664,1.819178082191781,0.685020282812528
665,1.821917808219178,0.685020282812528
666,1.8246575342465754,0.685020282812528
667,1.8273972602739725,0.685020282812528
668,1.83013698630137,0.685020282812528
669,1.832876712328767,0.685020282812528
670,1.8356164383561644,0.685020282812528
671,1.8383561643835618,0.685020282812528
672,1.841095890410959,0.685020282812528
673,1.8438356164383563,0.685020282812528
674,1.8465753424657534,0.685020282812528
675,1.8493150684931507,0.685020282812528
676,1.8520547945205479,0.685020282812528
677,1.8547945205479452,0.685020282812528
678,1.8575342465753424,0.685020282812528
679,1.8602739726027397,0.685020282812528
680,1.8630136986301369,0.685020282812528
681,1.8657534246575342,0.685020282812528
682,1.8684931506849316,0.685020282812528
683,1.8712328767123287,0.685020282812528
684,1.873972602739726,0.685020282812528
685,1.8767123287671232,0.685020282812528
686,1.8794520547945206,0.685020282812528
687,1.8821917808219177,0.685020282812528
688,1.884931506849315,0.685020282812528
689,1.8876712328767122,0.685020282812528
690,1.8904109589041096,0.685020282812528
691,1.893150684931507,0.685020282812528
692,1.895890410958904,0.685020282812528
693,1.8986301369863015,0.685020282812528
694,1.9013698630136986,0.685020282812528
695,1.904109589041096,0.685020282812528
696,1.906849315068493,0.685020282812528
697,1.9095890410958904,0.685020282812528
698,1.9123287671232876,0.685020282812528
699,1.915068493150685,0.685020282812528
700,1.917808219178082,0.685020282812528
701,1.9205479452054794,0.685020282812528
702,1.9232876712328768,0.685020282812528
703,1.926027397260274,0.685020282812528
704,1.9287671232876713,0.685020282812528
705,1.9315068493150684,0.685020282812528
706,1.9342465753424658,0.685020282812528
707,1.936986301369863,0.685020282812528
708,1.9397260273972603,0.685020282812528
709,1.9424657534246574,0.685020282812528
710,1.9452054794520548,0.685020282812528
711,1.9479452054794522,0.685020282812528
712,1.9506849315068493,0.685020282812528
713,1.9534246575342467,0.685020282812528
714,1.9561643835616438,0.685020282812528
715,1.9589041095890412,0.685020282812528
716,1.9616438356164383,0.685020282812528
717,1.9643835616438357,0.685020282812528
718,1.9671232876712328,0.685020282812528
719,1.9698630136986301,0.685020282812528
720,1.9726027397260273,0.685020282812528
721,1.9753424657534246,0.685020282812528
722,1.978082191780822,0.685020282812528
723,1.9808219178082191,0.685020282812528
724,1.9835616438356165,0.685020282812528
725,1.9863013698630136,0.685020282812528
726,1.989041095890411,0.685020282812528
727,1.9917808219178081,0.685020282812528
728,1.9945205479452055,0.685020282812528
729,1.9972602739726026,0.685020282812528
730,2.0,0.685020282812528
731,2.0027397260273974,0.685020282812528
732,2.0054794520547947,0.685020282812528
733,2.0082191780821916,0.685020282812528
734,2.010958904109589,0.685020282812528
735,2.0136986301369864,0.685020282812528
736,2.0164383561643837,0.685020282812528
737,2.0191780821917806,0.685020282812528
738,2.021917808219178,0.685020282812528
739,2.0246575342465754,0.685020282812528
740,2.0273972602739727,0.685020282812528
741,2.03013698630137,0.685020282812528
742,2.032876712328767,0.685020282812528
743,2.0356164383561643,0.685020282812528
744,2.0383561643835617,0.685020282812528
745,2.041095890410959,0.685020282812528
746,2.043835616438356,0.685020282812528
747,2.0465753424657533,0.685020282812528
748,2.0493150684931507,0.685020282812528
749,2.052054794520548,0.685020282812528
750,2.0547945205479454,0.685020282812528
751,2.0575342465753423,0.685020282812528
752,2.0602739726027397,0.685020282812528
753,2.063013698630137,0.685020282812528
754,2.0657534246575344,0.685020282812528
755,2.0684931506849313,0.685020282812528
756,2.0712328767123287,0.685020282812528
757,2.073972602739726,0.685020282812528
758,2.0767123287671234,0.685020282812528
759,2.0794520547945203,0.685020282812528
760,2.0821917808219177,0.685020282812528
761,2.084931506849315,0.685020282812528
762,2.0876712328767124,0.685020282812528
763,2.0904109589041098,0.685020282812528
764,2.0931506849315067,0.685020282812528
765,2.095890410958904,0.685020282812528
766,2.0986301369863014,0.685020282812528
767,2.1013698630136988,0.685020282812528
768,2.1041095890410957,0.685020282812528
769,2.106849315068493,0.685020282812528
770,2.1095890410958904,0.685020282812528
771,2.1123287671232878,0.685020282812528
772,2.115068493150685,0.685020282812528
773,2.117808219178082,0.685020282812528
774,2.1205479452054794,0.685020282812528
775,2.1232876712328768,0.685020282812528
776,2.126027397260274,0.685020282812528
777,2.128767123287671,0.685020282812528
778,2.1315068493150684,0.685020282812528
779,2.1342465753424658,0.685020282812528
780,2.136986301369863,0.685020282812528
781,2.1397260273972605,0.685020282812528
782,2.1424657534246574,0.685020282812528
783,2.1452054794520548,0.685020282812528
784,2.147945205479452,0.685020282812528
785,2.1506849315068495,0.685020282812528
786,2.1534246575342464,0.685020282812528
787,2.1561643835616437,0.685020282812528
788,2.158904109589041,0.685020282812528
789,2.1616438356164385,0.6802425067047546
790,2.164383561643836,0.6802425067047546
791,2.1671232876712327,0.6802425067047546
792,2.16986301369863,0.6802425067047546
793,2.1726027397260275,0.6802425067047546
794,2.175342465753425,0.6802425067047546
795,2.1780821917808217,0.6802425067047546
796,2.180821917808219,0.6802425067047546
797,2.1835616438356165,0.6802425067047546
798,2.186301369863014,0.6802425067047546
799,2.1890410958904107,0.6802425067047546
800,2.191780821917808,0.6802425067047546
801,2.1945205479452055,0.6802425067047546
802,2.197260273972603,0.6802425067047546
803,2.2,0.6802425067047546
804,2.202739726027397,0.6802425067047546
805,2.2054794520547945,0.6802425067047546
806,2.208219178082192,0.6802425067047546
807,2.210958904109589,0.6802425067047546
808,2.213698630136986,0.6802425067047546
809,2.2164383561643834,0.6802425067047546
810,2.219178082191781,0.6802425067047546
811,2.221917808219178,0.6802425067047546
812,2.2246575342465755,0.6802425067047546
813,2.2273972602739724,0.6802425067047546
814,2.23013698630137,0.6802425067047546
815,2.232876712328767,0.6802425067047546
816,2.2356164383561645,0.6802425067047546
817,2.2383561643835614,0.6802425067047546
818,2.241095890410959,0.6802425067047546
819,2.243835616438356,0.6802425067047546
820,2.2465753424657535,0.6802425067047546
821,2.249315068493151,0.6802425067047546
822,2.252054794520548,0.6802425067047546
823,2.254794520547945,0.6802425067047546
824,2.2575342465753425,0.6802425067047546
825,2.26027397260274,0.6802425067047546
826,2.263013698630137,0.6802425067047546
827,2.265753424657534,0.6802425067047546
828,2.2684931506849315,0.6802425067047546
829,2.271232876712329,0.6802425067047546
830,2.2739726027397262,0.6802425067047546
831,2.276712328767123,0.6802425067047546
832,2.2794520547945205,0.6802425067047546
833,2.282191780821918,0.6802425067047546
834,2.2849315068493152,0.6802425067047546
835,2.287671232876712,0.6802425067047546
836,2.2904109589041095,0.6802425067047546
837,2.293150684931507,0.6802425067047546
838,2.2958904109589042,0.6802425067047546
839,2.2986301369863016,0.6802425067047546
840,2.3013698630136985,0.6802425067047546
841,2.304109589041096,0.6802425067047546
842,2.3068493150684932,0.6802425067047546
843,2.3095890410958906,0.6802425067047546
844,2.3123287671232875,0.6802425067047546
845,2.315068493150685,0.6802425067047546
846,2.317808219178082,0.6802425067047546
847,2.3205479452054796,0.6802425067047546
848,2.3232876712328765,0.6802425067047546
849,2.326027397260274,0.6802425067047546
850,2.328767123287671,0.6802425067047546
851,2.3315068493150686,0.6802425067047546
852,2.334246575342466,0.6802425067047546
853,2.336986301369863,0.6802425067047546
854,2.33972602739726,0.6802425067047546
855,2.3424657534246576,0.6802425067047546
856,2.345205479452055,0.6802425067047546
857,2.347945205479452,0.6802425067047546
858,2.350684931506849,0.6802425067047546
859,2.3534246575342466,0.6802425067047546
860,2.356164383561644,0.6802425067047546
861,2.3589041095890413,0.6802425067047546
862,2.361643835616438,0.6802425067047546
863,2.3643835616438356,0.6802425067047546
864,2.367123287671233,0.6802425067047546
865,2.3698630136986303,0.6802425067047546
866,2.372602739726027,0.6802425067047546
867,2.3753424657534246,0.6802425067047546
868,2.378082191780822,0.6802425067047546
869,2.3808219178082193,0.6802425067047546
870,2.3835616438356166,0.6802425067047546
871,2.3863013698630136,0.6802425067047546
872,2.389041095890411,0.6802425067047546
873,2.3917808219178083,0.6802425067047546
874,2.3945205479452056,0.6802425067047546
875,2.3972602739726026,0.6802425067047546
876,2.4,0.6802425067047546
877,2.4027397260273973,0.6802425067047546
878,2.4054794520547946,0.6802425067047546
879,2.408219178082192,0.6802425067047546
880,2.410958904109589,0.6802425067047546
881,2.4136986301369863,0.6802425067047546
882,2.4164383561643836,0.6802425067047546
883,2.419178082191781,0.6802425067047546
884,2.421917808219178,0.6802425067047546
885,2.4246575342465753,0.6802425067047546
886,2.4273972602739726,0.6802425067047546
887,2.43013698630137,0.6802425067047546
888,2.4328767123287673,0.6802425067047546
889,2.4356164383561643,0.6802425067047546
890,2.4383561643835616,0.6802425067047546
891,2.441095890410959,0.6802425067047546
892,2.4438356164383563,0.6802425067047546
893,2.4465753424657533,0.6802425067047546
894,2.4493150684931506,0.6802425067047546
895,2.452054794520548,0.6802425067047546
896,2.4547945205479453,0.6802425067047546
897,2.4575342465753423,0.6802425067047546
898,2.4602739726027396,0.6802425067047546
899,2.463013698630137,0.6802425067047546
900,2.4657534246575343,0.6802425067047546
901,2.4684931506849317,0.6802425067047546
902,2.4712328767123286,0.6802425067047546
903,2.473972602739726,0.6802425067047546
904,2.4767123287671233,0.6802425067047546
905,2.4794520547945207,0.6802425067047546
906,2.4821917808219176,0.6802425067047546
907,2.484931506849315,0.6802425067047546
908,2.4876712328767123,0.6802425067047546
909,2.4904109589041097,0.6802425067047546
910,2.493150684931507,0.6802425067047546
911,2.495890410958904,0.6802425067047546
912,2.4986301369863013,0.6802425067047546
913,2.5013698630136987,0.6802425067047546
914,2.504109589041096,0.6802425067047546
915,2.506849315068493,0.6802425067047546
916,2.5095890410958903,0.6802425067047546
917,2.5123287671232877,0.6802425067047546
918,2.515068493150685,0.6802425067047546
919,2.5178082191780824,0.6802425067047546
920,2.5205479452054793,0.6802425067047546
921,2.5232876712328767,0.6802425067047546
922,2.526027397260274,0.6802425067047546
923,2.5287671232876714,0.6802425067047546
924,2.5315068493150683,0.6802425067047546
925,2.5342465753424657,0.6802425067047546
926,2.536986301369863,0.6802425067047546
927,2.5397260273972604,0.6802425067047546
928,2.5424657534246577,0.6802425067047546
929,2.5452054794520547,0.6802425067047546
930,2.547945205479452,0.6802425067047546
931,2.5506849315068494,0.6802425067047546
932,2.5534246575342467,0.6802425067047546
933,2.5561643835616437,0.6802425067047546
934,2.558904109589041,0.6802425067047546
935,2.5616438356164384,0.6802425067047546
936,2.5643835616438357,0.6802425067047546
937,2.5671232876712327,0.6802425067047546
938,2.56986301369863,0.6802425067047546
939,2.5726027397260274,0.6802425067047546
940,2.5753424657534247,0.6802425067047546
941,2.578082191780822,0.6802425067047546
942,2.580821917808219,0.6802425067047546
943,2.5835616438356164,0.6802425067047546
944,2.5863013698630137,0.6802425067047546
945,2.589041095890411,0.6802425067047546
946,2.591780821917808,0.6802425067047546
947,2.5945205479452054,0.6802425067047546
948,2.5972602739726027,0.6802425067047546
949,2.6,0.6802425067047546
950,2.6027397260273974,0.6802425067047546
951,2.6054794520547944,0.6802425067047546
952,2.6082191780821917,0.6802425067047546
953,2.610958904109589,0.6802425067047546
954,2.6136986301369864,0.6802425067047546
955,2.6164383561643834,0.6802425067047546
956,2.6191780821917807,0.6802425067047546
957,2.621917808219178,0.6802425067047546
958,2.6246575342465754,0.6802425067047546
959,2.627397260273973,0.6802425067047546
960,2.6301369863013697,0.6802425067047546
961,2.632876712328767,0.6802425067047546
962,2.6356164383561644,0.6802425067047546
963,2.638356164383562,0.6802425067047546
964,2.6410958904109587,0.6802425067047546
965,2.643835616438356,0.6802425067047546
966,2.6465753424657534,0.6802425067047546
967,2.649315068493151,0.6802425067047546
968,2.652054794520548,0.6802425067047546
969,2.654794520547945,0.6802425067047546
970,2.6575342465753424,0.6802425067047546
971,2.66027397260274,0.6802425067047546
972,2.663013698630137,0.6802425067047546
973,2.665753424657534,0.6802425067047546
974,2.6684931506849314,0.6802425067047546
975,2.671232876712329,0.6802425067047546
976,2.673972602739726,0.6802425067047546
977,2.6767123287671235,0.6802425067047546
978,2.6794520547945204,0.6802425067047546
979,2.682191780821918,0.6802425067047546
980,2.684931506849315,0.6802425067047546
981,2.6876712328767125,0.6802425067047546
982,2.6904109589041094,0.6802425067047546
983,2.6931506849315068,0.6802425067047546
984,2.695890410958904,0.6802425067047546
985,2.6986301369863015,0.6802425067047546
986,2.7013698630136984,0.6802425067047546
987,2.7041095890410958,0.6802425067047546
988,2.706849315068493,0.6802425067047546
989,2.7095890410958905,0.6802425067047546
990,2.712328767123288,0.6802425067047546
991,2.7150684931506848,0.6802425067047546
992,2.717808219178082,0.6802425067047546
993,2.7205479452054795,0.6802425067047546
994,2.723287671232877,0.6802425067047546
995,2.7260273972602738,0.6802425067047546
996,2.728767123287671,0.6802425067047546
997,2.7315068493150685,0.6802425067047546
998,2.734246575342466,0.6802425067047546
999,2.736986301369863,0.6802425067047546
1000,2.73972602739726,0.6802425067047546
1001,2.7424657534246575,0.6802425067047546
1002,2.745205479452055,0.6802425067047546
1003,2.747945205479452,0.6802425067047546
1004,2.750684931506849,0.6802425067047546
1005,2.7534246575342465,0.6802425067047546
1006,2.756164383561644,0.6802425067047546
1007,2.758904109589041,0.6802425067047546
1008,2.7616438356164386,0.6802425067047546
1009,2.7643835616438355,0.6802425067047546
1010,2.767123287671233,0.6802425067047546
1011,2.76986301369863,0.6802425067047546
1012,2.7726027397260276,0.6802425067047546
1013,2.7753424657534245,0.6802425067047546
1014,2.778082191780822,0.6802425067047546
1015,2.780821917808219,0.6802425067047546
1016,2.7835616438356166,0.6802425067047546
1017,2.786301369863014,0.6802425067047546
1018,2.789041095890411,0.6802425067047546
1019,2.791780821917808,0.6802425067047546
1020,2.7945205479452055,0.6802425067047546
1021,2.797260273972603,0.6802425067047546
1022,2.8,0.6802425067047546
1023,2.802739726027397,0.6802425067047546
1024,2.8054794520547945,0.6802425067047546
1025,2.808219178082192,0.6802425067047546
1026,2.8109589041095893,0.6802425067047546
1027,2.813698630136986,0.6802425067047546
1028,2.8164383561643835,0.6802425067047546
1029,2.819178082191781,0.6802425067047546
1030,2.8219178082191783,0.6802425067047546
1031,2.824657534246575,0.6802425067047546
1032,2.8273972602739725,0.6802425067047546
1033,2.83013698630137,0.6802425067047546
1034,2.8328767123287673,0.6802425067047546
1035,2.835616438356164,0.6802425067047546
1036,2.8383561643835615,0.6802425067047546
1037,2.841095890410959,0.6802425067047546
1038,2.8438356164383563,0.6802425067047546
1039,2.8465753424657536,0.6802425067047546
1040,2.8493150684931505,0.6802425067047546
1041,2.852054794520548,0.6802425067047546
1042,2.8547945205479452,0.6802425067047546
1043,2.8575342465753426,0.6802425067047546
1044,2.8602739726027395,0.6802425067047546
1045,2.863013698630137,0.6802425067047546
1046,2.8657534246575342,0.6802425067047546
1047,2.8684931506849316,0.6802425067047546
1048,2.871232876712329,0.6802425067047546
1049,2.873972602739726,0.6802425067047546
1050,2.8767123287671232,0.6802425067047546
1051,2.8794520547945206,0.6802425067047546
1052,2.882191780821918,0.6802425067047546
1053,2.884931506849315,0.6802425067047546
1054,2.8876712328767122,0.6802425067047546
1055,2.8904109589041096,0.6802425067047546
1056,2.893150684931507,0.6802425067047546
1057,2.8958904109589043,0.6802425067047546
1058,2.8986301369863012,0.6802425067047546
1059,2.9013698630136986,0.6802425067047546
1060,2.904109589041096,0.6802425067047546
1061,2.9068493150684933,0.6802425067047546
1062,2.9095890410958902,0.6802425067047546
1063,2.9123287671232876,0.6802425067047546
1064,2.915068493150685,0.6802425067047546
1065,2.9178082191780823,0.6802425067047546
1066,2.9205479452054797,0.6802425067047546
1067,2.9232876712328766,0.6802425067047546
1068,2.926027397260274,0.6802425067047546
1069,2.9287671232876713,0.6802425067047546
1070,2.9315068493150687,0.6802425067047546
1071,2.9342465753424656,0.6802425067047546
1072,2.936986301369863,0.6802425067047546
1073,2.9397260273972603,0.6802425067047546
1074,2.9424657534246577,0.6802425067047546
1075,2.9452054794520546,0.6802425067047546
1076,2.947945205479452,0.6802425067047546
1077,2.9506849315068493,0.6802425067047546
1078,2.9534246575342467,0.6802425067047546
1079,2.956164383561644,0.6802425067047546
1080,2.958904109589041,0.6802425067047546
1081,2.9616438356164383,0.6802425067047546
1082,2.9643835616438357,0.6802425067047546
1083,2.967123287671233,0.6802425067047546
1084,2.96986301369863,0.6802425067047546
1085,2.9726027397260273,0.6802425067047546
1086,2.9753424657534246,0.6802425067047546
1087,2.978082191780822,0.6802425067047546
1088,2.9808219178082194,0.6802425067047546
1089,2.9835616438356163,0.6802425067047546
1090,2.9863013698630136,0.6802425067047546
1091,2.989041095890411,0.6802425067047546
1092,2.9917808219178084,0.6802425067047546
1093,2.9945205479452053,0.6802425067047546
1094,2.9972602739726026,0.6802425067047546
1095,3.0,0.6802425067047546
1096,3.0027397260273974,0.6802425067047546
1097,3.0054794520547947,0.6802425067047546
1098,3.0082191780821916,0.6802425067047546
1099,3.010958904109589,0.6802425067047546
1100,3.0136986301369864,0.6802425067047546
1101,3.0164383561643837,0.6802425067047546
1102,3.0191780821917806,0.6802425067047546
1103,3.021917808219178,0.6802425067047546
1104,3.0246575342465754,0.6802425067047546
1105,3.0273972602739727,0.6802425067047546
1106,3.03013698630137,0.6802425067047546
1107,3.032876712328767,0.6802425067047546
1108,3.0356164383561643,0.6802425067047546
1109,3.0383561643835617,0.6802425067047546
1110,3.041095890410959,0.6802425067047546
1111,3.043835616438356,0.6802425067047546
1112,3.0465753424657533,0.6802425067047546
1113,3.0493150684931507,0.6802425067047546
1114,3.052054794520548,0.6802425067047546
1115,3.0547945205479454,0.6802425067047546
1116,3.0575342465753423,0.6802425067047546
1117,3.0602739726027397,0.6757948408322368
1118,3.063013698630137,0.6698898963930778
1119,3.0657534246575344,0.6645509488339585
1120,3.0684931506849313,0.6645509488339585
1121,3.0712328767123287,0.6645509488339585
1122,3.073972602739726,0.6645509488339585
1123,3.0767123287671234,0.6645509488339585
1124,3.0794520547945203,0.6645509488339585
1125,3.0821917808219177,0.6645509488339585
1126,3.084931506849315,0.6645509488339585
1127,3.0876712328767124,0.6645509488339585
1128,3.0904109589041098,0.6645509488339585
1129,3.0931506849315067,0.6645509488339585
1130,3.095890410958904,0.6645509488339585
1131,3.0986301369863014,0.6645509488339585
1132,3.1013698630136988,0.6645509488339585
1133,3.1041095890410957,0.6645509488339585
1134,3.106849315068493,0.6645509488339585
1135,3.1095890410958904,0.6645509488339585
1136,3.1123287671232878,0.6645509488339585
1137,3.115068493150685,0.6645509488339585
1138,3.117808219178082,0.6645509488339585
1139,3.1205479452054794,0.6645509488339585
1140,3.1232876712328768,0.6645509488339585
1141,3.126027397260274,0.6645509488339585
1142,3.128767123287671,0.6645509488339585
1143,3.1315068493150684,0.6645509488339585
1144,3.1342465753424658,0.6645509488339585
1145,3.136986301369863,0.6645509488339585
1146,3.1397260273972605,0.6645509488339585
1147,3.1424657534246574,0.6645509488339585
1148,3.1452054794520548,0.6645509488339585
1149,3.147945205479452,0.6645509488339585
1150,3.1506849315068495,0.6645509488339585
1151,3.1534246575342464,0.6645509488339585
1152,3.1561643835616437,0.6645509488339585
1153,3.158904109589041,0.6645509488339585
1154,3.1616438356164385,0.6627314366007563
1155,3.164383561643836,0.6627314366007563
1156,3.1671232876712327,0.6627314366007563
1157,3.16986301369863,0.6627314366007563
1158,3.1726027397260275,0.6627314366007563
1159,3.175342465753425,0.6627314366007563
1160,3.1780821917808217,0.6627314366007563
1161,3.180821917808219,0.6627314366007563
1162,3.1835616438356165,0.6627314366007563
1163,3.186301369863014,0.6627314366007563
1164,3.1890410958904107,0.6627314366007563
1165,3.191780821917808,0.6627314366007563
1166,3.1945205479452055,0.6627314366007563
1167,3.197260273972603,0.6627314366007563
1168,3.2,0.6627314366007563
1169,3.202739726027397,0.6627314366007563
1170,3.2054794520547945,0.6627314366007563
1171,3.208219178082192,0.6627314366007563
1172,3.210958904109589,0.6627314366007563
1173,3.213698630136986,0.6627314366007563
1174,3.2164383561643834,0.6627314366007563
1175,3.219178082191781,0.6627314366007563
1176,3.221917808219178,0.6627314366007563
1177,3.2246575342465755,0.6627314366007563
1178,3.2273972602739724,0.6627314366007563
1179,3.23013698630137,0.6627314366007563
1180,3.232876712328767,0.6555594071650475
1181,3.2356164383561645,0.6512351708573232
1182,3.2383561643835614,0.6450381653231866
1183,3.241095890410959,0.6450381653231866
1184,3.243835616438356,0.6450381653231866
1185,3.2465753424657535,0.6450381653231866
1186,3.249315068493151,0.6409113602193616
1187,3.252054794520548,0.6396635874443505
1188,3.254794520547945,0.6396635874443505
1189,3.2575342465753425,0.638506973176995
1190,3.26027397260274,0.638506973176995
1191,3.263013698630137,0.638506973176995
1192,3.265753424657534,0.638506973176995
1193,3.2684931506849315,0.638506973176995
1194,3.271232876712329,0.638506973176995
1195,3.2739726027397262,0.638506973176995
1196,3.276712328767123,0.6373091344472657
1197,3.2794520547945205,0.6373091344472657
1198,3.282191780821918,0.6373091344472657
1199,3.2849315068493152,0.6373091344472657
1200,3.287671232876712,0.6373091344472657
1201,3.2904109589041095,0.6373091344472657
1202,3.293150684931507,0.6373091344472657
1203,3.2958904109589042,0.6373091344472657
1204,3.2986301369863016,0.6373091344472657
1205,3.3013698630136985,0.6373091344472657
1206,3.304109589041096,0.6373091344472657
1207,3.3068493150684932,0.6373091344472657
1208,3.3095890410958906,0.6373091344472657
1209,3.3123287671232875,0.6184020812728835
1210,3.315068493150685,0.6094984381278382
1211,3.317808219178082,0.6094984381278382
1212,3.3205479452054796,0.6094984381278382
1213,3.3232876712328765,0.6094984381278382
1214,3.326027397260274,0.6065588824041446
1215,3.328767123287671,0.6049949095651517
1216,3.3315068493150686,0.5998978731838077
1217,3.334246575342466,0.5998978731838077
1218,3.336986301369863,0.5998978731838077
1219,3.33972602739726,0.5998978731838077
1220,3.3424657534246576,0.5998978731838077
1221,3.345205479452055,0.5998978731838077
1222,3.347945205479452,0.5998978731838077
1223,3.350684931506849,0.5998978731838077
1224,3.3534246575342466,0.5998978731838077
1225,3.356164383561644,0.5998978731838077
1226,3.3589041095890413,0.5998978731838077
1227,3.361643835616438,0.5998978731838077
1228,3.3643835616438356,0.5998978731838077
1229,3.367123287671233,0.5998978731838077
1230,3.3698630136986303,0.5896968053475349
1231,3.372602739726027,0.5886879956470739
1232,3.3753424657534246,0.5886879956470739
1233,3.378082191780822,0.5886879956470739
1234,3.3808219178082193,0.5886879956470739
1235,3.3835616438356166,0.5886879956470739
1236,3.3863013698630136,0.5840618544059231
1237,3.389041095890411,0.5813034120214204
1238,3.3917808219178083,0.5735711218861499
1239,3.3945205479452056,0.5735711218861499
1240,3.3972602739726026,0.5735711218861499
1241,3.4,0.5735711218861499
1242,3.4027397260273973,0.5735711218861499
1243,3.4054794520547946,0.5735711218861499
1244,3.408219178082192,0.5735711218861499
1245,3.410958904109589,0.5735711218861499
1246,3.4136986301369863,0.5735711218861499
1247,3.4164383561643836,0.5735711218861499
1248,3.419178082191781,0.5735711218861499
1249,3.421917808219178,0.5735711218861499
1250,3.4246575342465753,0.5735711218861499
1251,3.4273972602739726,0.5735711218861499
1252,3.43013698630137,0.5735711218861499
1253,3.4328767123287673,0.5735711218861499
1254,3.4356164383561643,0.5735711218861499
1255,3.4383561643835616,0.5735711218861499
1256,3.441095890410959,0.5735711218861499
1257,3.4438356164383563,0.5735711218861499
1258,3.4465753424657533,0.5735711218861499
1259,3.4493150684931506,0.5735711218861499
1260,3.452054794520548,0.5735711218861499
1261,3.4547945205479453,0.5735711218861499
1262,3.4575342465753423,0.5735711218861499
1263,3.4602739726027396,0.5735711218861499
1264,3.463013698630137,0.5735711218861499
1265,3.4657534246575343,0.5735711218861499
1266,3.4684931506849317,0.5735711218861499
1267,3.4712328767123286,0.5735711218861499
1268,3.473972602739726,0.5735711218861499
1269,3.4767123287671233,0.5735711218861499
1270,3.4794520547945207,0.5735711218861499
1271,3.4821917808219176,0.5735711218861499
1272,3.484931506849315,0.5735711218861499
1273,3.4876712328767123,0.5735711218861499
1274,3.4904109589041097,0.5735711218861499
1275,3.493150684931507,0.5735711218861499
1276,3.495890410958904,0.5735711218861499
1277,3.4986301369863013,0.5734461418941312
1278,3.5013698630136987,0.5734461418941312
1279,3.504109589041096,0.5734461418941312
1280,3.506849315068493,0.5734461418941312
1281,3.5095890410958903,0.5734461418941312
1282,3.5123287671232877,0.5734461418941312
1283,3.515068493150685,0.5734461418941312
1284,3.5178082191780824,0.5734461418941312
1285,3.5205479452054793,0.5734461418941312
1286,3.5232876712328767,0.5734461418941312
1287,3.526027397260274,0.5734461418941312
1288,3.5287671232876714,0.5734461418941312
1289,3.5315068493150683,0.5734461418941312
1290,3.5342465753424657,0.5734461418941312
1291,3.536986301369863,0.5734461418941312
1292,3.5397260273972604,0.5734461418941312
1293,3.5424657534246577,0.5734461418941312
1294,3.5452054794520547,0.5734461418941312
1295,3.547945205479452,0.5734461418941312
1296,3.5506849315068494,0.5734461418941312
1297,3.5534246575342467,0.5734461418941312
1298,3.5561643835616437,0.5734461418941312
1299,3.558904109589041,0.5734461418941312
1300,3.5616438356164384,0.5700885351036077
1301,3.5643835616438357,0.5633517100996811
1302,3.5671232876712327,0.5633517100996811
1303,3.56986301369863,0.5633517100996811
1304,3.5726027397260274,0.5633517100996811
1305,3.5753424657534247,0.5633517100996811
1306,3.578082191780822,0.5624927616332408
1307,3.580821917808219,0.5587897460320014
1308,3.5835616438356164,0.5587897460320014
1309,3.5863013698630137,0.5587897460320014
1310,3.589041095890411,0.5587897460320014
1311,3.591780821917808,0.5587897460320014
1312,3.5945205479452054,0.5587897460320014
1313,3.5972602739726027,0.5587897460320014
1314,3.6,0.5587897460320014
1315,3.6027397260273974,0.5587897460320014
1316,3.6054794520547944,0.5587897460320014
1317,3.6082191780821917,0.5587897460320014
1318,3.610958904109589,0.5587897460320014
1319,3.6136986301369864,0.5587897460320014
1320,3.6164383561643834,0.5587897460320014
1321,3.6191780821917807,0.5587897460320014
1322,3.621917808219178,0.5587897460320014
1323,3.6246575342465754,0.5587897460320014
1324,3.627397260273973,0.5587897460320014
1325,3.6301369863013697,0.5587897460320014
1326,3.632876712328767,0.5587897460320014
1327,3.6356164383561644,0.5587897460320014
1328,3.638356164383562,0.5587897460320014
1329,3.6410958904109587,0.5587897460320014
1330,3.643835616438356,0.5587897460320014
1331,3.6465753424657534,0.5587897460320014
1332,3.649315068493151,0.5587897460320014
1333,3.652054794520548,0.5587897460320014
1334,3.654794520547945,0.5587897460320014
1335,3.6575342465753424,0.5587897460320014
1336,3.66027397260274,0.5555184493137524
1337,3.663013698630137,0.5555184493137524
1338,3.665753424657534,0.5555184493137524
1339,3.6684931506849314,0.5555184493137524
1340,3.671232876712329,0.5555184493137524
1341,3.673972602739726,0.5555184493137524
1342,3.6767123287671235,0.5555184493137524
1343,3.6794520547945204,0.5555184493137524
1344,3.682191780821918,0.5555184493137524
1345,3.684931506849315,0.5555184493137524
1346,3.6876712328767125,0.5555184493137524
1347,3.6904109589041094,0.5555184493137524
1348,3.6931506849315068,0.5555184493137524
1349,3.695890410958904,0.5555184493137524
1350,3.6986301369863015,0.5555184493137524
1351,3.7013698630136984,0.5555184493137524
1352,3.7041095890410958,0.5555184493137524
1353,3.706849315068493,0.5555184493137524
1354,3.7095890410958905,0.5555184493137524
1355,3.712328767123288,0.5555184493137524
1356,3.7150684931506848,0.5555184493137524
1357,3.717808219178082,0.5555184493137524
1358,3.7205479452054795,0.5555184493137524
1359,3.723287671232877,0.5555184493137524
1360,3.7260273972602738,0.5555184493137524
1361,3.728767123287671,0.5555184493137524
1362,3.7315068493150685,0.5555184493137524
1363,3.734246575342466,0.5555184493137524
1364,3.736986301369863,0.5555184493137524
1365,3.73972602739726,0.5555184493137524
1366,3.7424657534246575,0.5555184493137524
1367,3.745205479452055,0.5555184493137524
1368,3.747945205479452,0.5555184493137524
1369,3.750684931506849,0.5555184493137524
1370,3.7534246575342465,0.5555184493137524
1371,3.756164383561644,0.5555184493137524
1372,3.758904109589041,0.5555184493137524
1373,3.7616438356164386,0.5555184493137524
1374,3.7643835616438355,0.5555184493137524
1375,3.767123287671233,0.5555184493137524
1376,3.76986301369863,0.5555184493137524
1377,3.7726027397260276,0.5555184493137524
1378,3.7753424657534245,0.5555184493137524
1379,3.778082191780822,0.5555184493137524
1380,3.780821917808219,0.5555184493137524
1381,3.7835616438356166,0.5555184493137524
1382,3.786301369863014,0.5555184493137524
1383,3.789041095890411,0.5555184493137524
1384,3.791780821917808,0.5555184493137524
1385,3.7945205479452055,0.5555184493137524
1386,3.797260273972603,0.5555184493137524
1387,3.8,0.5555184493137524
1388,3.802739726027397,0.5555184493137524
1389,3.8054794520547945,0.5555184493137524
1390,3.808219178082192,0.5555184493137524
1391,3.8109589041095893,0.5555184493137524
1392,3.813698630136986,0.5555184493137524
1393,3.8164383561643835,0.5555184493137524
1394,3.819178082191781,0.5555184493137524
1395,3.8219178082191783,0.5539997392638116
1396,3.824657534246575,0.5525175876840906
1397,3.8273972602739725,0.5482316793053211
1398,3.83013698630137,0.5482316793053211
1399,3.8328767123287673,0.5477085399992082
1400,3.835616438356164,0.5477085399992082
1401,3.8383561643835615,0.5477085399992082
1402,3.841095890410959,0.5477085399992082
1403,3.8438356164383563,0.5477085399992082
1404,3.8465753424657536,0.5477085399992082
1405,3.8493150684931505,0.5477085399992082
1406,3.852054794520548,0.5477085399992082
1407,3.8547945205479452,0.5477085399992082
1408,3.8575342465753426,0.5477085399992082
1409,3.8602739726027395,0.5477085399992082
1410,3.863013698630137,0.5477085399992082
1411,3.8657534246575342,0.5477085399992082
1412,3.8684931506849316,0.5477085399992082
1413,3.871232876712329,0.5477085399992082
1414,3.873972602739726,0.5477085399992082
1415,3.8767123287671232,0.5477085399992082
1416,3.8794520547945206,0.5477085399992082
1417,3.882191780821918,0.5477085399992082
1418,3.884931506849315,0.5477085399992082
1419,3.8876712328767122,0.5477085399992082
1420,3.8904109589041096,0.5477085399992082
1421,3.893150684931507,0.5477085399992082
1422,3.8958904109589043,0.5477085399992082
1423,3.8986301369863012,0.5477085399992082
1424,3.9013698630136986,0.5477085399992082
1425,3.904109589041096,0.5477085399992082
1426,3.9068493150684933,0.5477085399992082
1427,3.9095890410958902,0.5477085399992082
1428,3.9123287671232876,0.5477085399992082
1429,3.915068493150685,0.5477085399992082
1430,3.9178082191780823,0.5477085399992082
1431,3.9205479452054797,0.5477085399992082
1432,3.9232876712328766,0.5477085399992082
1433,3.926027397260274,0.5477085399992082
1434,3.9287671232876713,0.5477085399992082
1435,3.9315068493150687,0.5477085399992082
1436,3.9342465753424656,0.5477085399992082
1437,3.936986301369863,0.5477085399992082
1438,3.9397260273972603,0.5477085399992082
1439,3.9424657534246577,0.5477085399992082
1440,3.9452054794520546,0.5477085399992082
1441,3.947945205479452,0.5477085399992082
1442,3.9506849315068493,0.5477085399992082
1443,3.9534246575342467,0.5477085399992082
1444,3.956164383561644,0.5477085399992082
1445,3.958904109589041,0.5477085399992082
1446,3.9616438356164383,0.5477085399992082
1447,3.9643835616438357,0.5477085399992082
1448,3.967123287671233,0.5477085399992082
1449,3.96986301369863,0.5477085399992082
1450,3.9726027397260273,0.5477085399992082
1451,3.9753424657534246,0.5477085399992082
1452,3.978082191780822,0.5477085399992082
1453,3.9808219178082194,0.5477085399992082
1454,3.9835616438356163,0.5477085399992082
1455,3.9863013698630136,0.5477085399992082
1456,3.989041095890411,0.5477085399992082
1457,3.9917808219178084,0.5477085399992082
1458,3.9945205479452053,0.5477085399992082
1459,3.9972602739726026,0.5477085399992082
1460,4.0,0.5477085399992082
1461,4.002739726027397,0.5477085399992082
1462,4.005479452054795,0.5477085399992082
1463,4.008219178082192,0.5477085399992082
1464,4.010958904109589,0.5477085399992082
1465,4.013698630136986,0.5477085399992082
1466,4.016438356164383,0.5477085399992082
1467,4.019178082191781,0.5477085399992082
1468,4.021917808219178,0.5477085399992082
1469,4.024657534246575,0.5477085399992082
1470,4.027397260273973,0.5477085399992082
1471,4.03013698630137,0.5477085399992082
1472,4.032876712328767,0.5477085399992082
1473,4.035616438356165,0.5477085399992082
1474,4.038356164383561,0.5477085399992082
1475,4.041095890410959,0.5477085399992082
1476,4.043835616438356,0.5477085399992082
1477,4.046575342465753,0.5477085399992082
1478,4.049315068493151,0.5477085399992082
1479,4.052054794520548,0.5477085399992082
1480,4.054794520547945,0.5477085399992082
1481,4.057534246575343,0.5477085399992082
1482,4.06027397260274,0.5477085399992082
1483,4.063013698630137,0.5477085399992082
1484,4.065753424657534,0.5477085399992082
1485,4.068493150684931,0.5477085399992082
1486,4.071232876712329,0.5400905076586344
1487,4.073972602739726,0.5369246628524748
1488,4.076712328767123,0.532338675691954
1489,4.079452054794521,0.532338675691954
1490,4.082191780821918,0.5283327444361724
1491,4.0849315068493155,0.5283327444361724
1492,4.087671232876712,0.5283327444361724
1493,4.090410958904109,0.5283327444361724
1494,4.093150684931507,0.5283327444361724
1495,4.095890410958904,0.5283327444361724
1496,4.098630136986301,0.5283327444361724
1497,4.101369863013699,0.5276250156726703
1498,4.104109589041096,0.5276250156726703
1499,4.1068493150684935,0.5276250156726703
1500,4.109589041095891,0.5276250156726703
1501,4.112328767123287,0.5223947717088071
1502,4.115068493150685,0.5215446685674159
1503,4.117808219178082,0.5215446685674159
1504,4.120547945205479,0.5215446685674159
1505,4.123287671232877,0.5215446685674159
1506,4.126027397260274,0.5215446685674159
1507,4.1287671232876715,0.5215446685674159
1508,4.131506849315069,0.5215446685674159
1509,4.134246575342465,0.5215446685674159
1510,4.136986301369863,0.5215446685674159
1511,4.13972602739726,0.5215446685674159
1512,4.142465753424657,0.5215446685674159
1513,4.145205479452055,0.5215446685674159
1514,4.147945205479452,0.5215446685674159
1515,4.1506849315068495,0.5215446685674159
1516,4.153424657534247,0.5215446685674159
1517,4.156164383561644,0.5215446685674159
1518,4.158904109589041,0.5173042927400524
1519,4.161643835616438,0.5173042927400524
1520,4.164383561643835,0.5173042927400524
1521,4.167123287671233,0.5173042927400524
1522,4.16986301369863,0.5173042927400524
1523,4.1726027397260275,0.5173042927400524
1524,4.175342465753425,0.5173042927400524
1525,4.178082191780822,0.5143841329202347
1526,4.1808219178082195,0.5143841329202347
1527,4.183561643835616,0.5143841329202347
1528,4.186301369863013,0.5143841329202347
1529,4.189041095890411,0.5143841329202347
1530,4.191780821917808,0.5143841329202347
1531,4.1945205479452055,0.5143841329202347
1532,4.197260273972603,0.5143841329202347
1533,4.2,0.5143841329202347
1534,4.2027397260273975,0.5143841329202347
1535,4.205479452054795,0.5143841329202347
1536,4.208219178082191,0.5143841329202347
1537,4.210958904109589,0.5143841329202347
1538,4.213698630136986,0.5143841329202347
1539,4.2164383561643834,0.5143841329202347
1540,4.219178082191781,0.5143841329202347
1541,4.221917808219178,0.5143841329202347
1542,4.2246575342465755,0.5143841329202347
1543,4.227397260273973,0.5143841329202347
1544,4.23013698630137,0.5143841329202347
1545,4.232876712328767,0.5143841329202347
1546,4.235616438356164,0.5084245187358704
1547,4.238356164383561,0.5084245187358704
1548,4.241095890410959,0.5084245187358704
1549,4.243835616438356,0.5084245187358704
1550,4.2465753424657535,0.5084245187358704
1551,4.249315068493151,0.507308544620277
1552,4.252054794520548,0.507308544620277
1553,4.254794520547946,0.507308544620277
1554,4.257534246575342,0.507308544620277
1555,4.260273972602739,0.507308544620277
1556,4.263013698630137,0.507308544620277
1557,4.265753424657534,0.507308544620277
1558,4.2684931506849315,0.507308544620277
1559,4.271232876712329,0.507308544620277
1560,4.273972602739726,0.507308544620277
1561,4.276712328767124,0.507308544620277
1562,4.279452054794521,0.507308544620277
1563,4.282191780821917,0.507308544620277
1564,4.284931506849315,0.507308544620277
1565,4.287671232876712,0.507308544620277
1566,4.2904109589041095,0.507308544620277
1567,4.293150684931507,0.507308544620277
1568,4.295890410958904,0.507308544620277
1569,4.298630136986302,0.507308544620277
1570,4.301369863013699,0.507308544620277
1571,4.304109589041096,0.507308544620277
1572,4.306849315068493,0.507308544620277
1573,4.30958904109589,0.507308544620277
1574,4.3123287671232875,0.5066408035022097
1575,4.315068493150685,0.5066408035022097
1576,4.317808219178082,0.5066408035022097
1577,4.32054794520548,0.5066408035022097
1578,4.323287671232877,0.5066408035022097
1579,4.326027397260274,0.5034030195801571
1580,4.328767123287672,0.5034030195801571
1581,4.331506849315068,0.5008626854188386
1582,4.3342465753424655,0.5008626854188386
1583,4.336986301369863,0.5008626854188386
1584,4.33972602739726,0.5008626854188386
1585,4.342465753424658,0.5008626854188386
1586,4.345205479452055,0.5008626854188386
1587,4.347945205479452,0.49203242997852265
1588,4.35068493150685,0.4891116233366476
1589,4.353424657534247,0.4891116233366476
1590,4.3561643835616435,0.4891116233366476
1591,4.358904109589041,0.4891116233366476
1592,4.361643835616438,0.4891116233366476
1593,4.364383561643836,0.4891116233366476
1594,4.367123287671233,0.4891116233366476
1595,4.36986301369863,0.4891116233366476
1596,4.372602739726028,0.4891116233366476
1597,4.375342465753425,0.4891116233366476
1598,4.3780821917808215,0.4891116233366476
1599,4.380821917808219,0.4891116233366476
1600,4.383561643835616,0.4891116233366476
1601,4.3863013698630136,0.4891116233366476
1602,4.389041095890411,0.4891116233366476
1603,4.391780821917808,0.4891116233366476
1604,4.394520547945206,0.4891116233366476
1605,4.397260273972603,0.4891116233366476
1606,4.4,0.4891116233366476
1607,4.402739726027397,0.4891116233366476
1608,4.405479452054794,0.4891116233366476
1609,4.4082191780821915,0.4891116233366476
1610,4.410958904109589,0.4891116233366476
1611,4.413698630136986,0.4891116233366476
1612,4.416438356164384,0.4891116233366476
1613,4.419178082191781,0.4891116233366476
1614,4.421917808219178,0.4891116233366476
1615,4.424657534246576,0.4891116233366476
1616,4.427397260273972,0.4891116233366476
1617,4.4301369863013695,0.4891116233366476
1618,4.432876712328767,0.4891116233366476
1619,4.435616438356164,0.4891116233366476
1620,4.438356164383562,0.4891116233366476
1621,4.441095890410959,0.4891116233366476
1622,4.443835616438356,0.4891116233366476
1623,4.446575342465754,0.4891116233366476
1624,4.449315068493151,0.4891116233366476
1625,4.4520547945205475,0.4891116233366476
1626,4.454794520547945,0.4891116233366476
1627,4.457534246575342,0.4891116233366476
1628,4.46027397260274,0.4891116233366476
1629,4.463013698630137,0.4891116233366476
1630,4.465753424657534,0.4891116233366476
1631,4.468493150684932,0.4891116233366476
1632,4.471232876712329,0.4891116233366476
1633,4.473972602739726,0.4891116233366476
1634,4.476712328767123,0.4891116233366476
1635,4.47945205479452,0.4891116233366476
1636,4.482191780821918,0.4891116233366476
1637,4.484931506849315,0.4891116233366476
1638,4.487671232876712,0.4891116233366476
1639,4.49041095890411,0.4891116233366476
1640,4.493150684931507,0.4891116233366476
1641,4.495890410958904,0.4891116233366476
1642,4.498630136986302,0.4854146687028937
1643,4.501369863013698,0.4854146687028937
1644,4.504109589041096,0.4854146687028937
1645,4.506849315068493,0.4854146687028937
1646,4.50958904109589,0.4854146687028937
1647,4.512328767123288,0.4854146687028937
1648,4.515068493150685,0.4854146687028937
1649,4.517808219178082,0.4854146687028937
1650,4.52054794520548,0.4854146687028937
1651,4.523287671232877,0.4831445686259075
1652,4.526027397260274,0.4831445686259075
1653,4.528767123287671,0.4831445686259075
1654,4.531506849315068,0.4831445686259075
1655,4.534246575342466,0.4831445686259075
1656,4.536986301369863,0.48157496951265955
1657,4.53972602739726,0.4812732121736352
1658,4.542465753424658,0.4812732121736352
1659,4.545205479452055,0.4812732121736352
1660,4.5479452054794525,0.4812732121736352
1661,4.550684931506849,0.4812732121736352
1662,4.553424657534246,0.4812732121736352
1663,4.556164383561644,0.4812732121736352
1664,4.558904109589041,0.4812732121736352
1665,4.561643835616438,0.4812732121736352
1666,4.564383561643836,0.4812732121736352
1667,4.567123287671233,0.4812732121736352
1668,4.5698630136986305,0.4812732121736352
1669,4.572602739726028,0.48116517935921
1670,4.575342465753424,0.47941290032395806
1671,4.578082191780822,0.47909145756554095
1672,4.580821917808219,0.4763691610666344
1673,4.583561643835616,0.4763691610666344
1674,4.586301369863014,0.4763691610666344
1675,4.589041095890411,0.4763691610666344
1676,4.5917808219178085,0.4763691610666344
1677,4.594520547945206,0.4763691610666344
1678,4.597260273972603,0.4763691610666344
1679,4.6,0.4763691610666344
1680,4.602739726027397,0.4763691610666344
1681,4.605479452054794,0.4763691610666344
1682,4.608219178082192,0.4763691610666344
1683,4.610958904109589,0.4763691610666344
1684,4.6136986301369864,0.4763691610666344
1685,4.616438356164384,0.4763691610666344
1686,4.619178082191781,0.4763691610666344
1687,4.6219178082191785,0.4763691610666344
1688,4.624657534246575,0.4763691610666344
1689,4.627397260273972,0.4763691610666344
1690,4.63013698630137,0.4763691610666344
1691,4.632876712328767,0.4763691610666344
1692,4.635616438356164,0.4763691610666344
1693,4.638356164383562,0.4763691610666344
1694,4.641095890410959,0.4763691610666344
1695,4.6438356164383565,0.4763691610666344
1696,4.646575342465753,0.4763691610666344
1697,4.64931506849315,0.4763691610666344
1698,4.652054794520548,0.4763691610666344
1699,4.654794520547945,0.4763691610666344
1700,4.657534246575342,0.47301375088965986
1701,4.66027397260274,0.47301375088965986
1702,4.663013698630137,0.47301375088965986
1703,4.6657534246575345,0.47301375088965986
1704,4.668493150684932,0.47301375088965986
1705,4.671232876712328,0.47301375088965986
1706,4.673972602739726,0.47301375088965986
1707,4.676712328767123,0.47301375088965986
1708,4.67945205479452,0.47301375088965986
1709,4.682191780821918,0.47301375088965986
1710,4.684931506849315,0.47301375088965986
1711,4.6876712328767125,0.47301375088965986
1712,4.69041095890411,0.47301375088965986
1713,4.693150684931507,0.47301375088965986
1714,4.695890410958904,0.47301375088965986
1715,4.698630136986301,0.47301375088965986
1716,4.701369863013698,0.47301375088965986
1717,4.704109589041096,0.47301375088965986
1718,4.706849315068493,0.47301375088965986
1719,4.7095890410958905,0.47301375088965986
1720,4.712328767123288,0.47301375088965986
1721,4.715068493150685,0.47301375088965986
1722,4.717808219178083,0.47301375088965986
1723,4.720547945205479,0.47301375088965986
1724,4.723287671232876,0.47301375088965986
1725,4.726027397260274,0.47301375088965986
1726,4.728767123287671,0.47301375088965986
1727,4.7315068493150685,0.47301375088965986
1728,4.734246575342466,0.47209163606350274
1729,4.736986301369863,0.47209163606350274
1730,4.739726027397261,0.47209163606350274
1731,4.742465753424658,0.47209163606350274
1732,4.745205479452054,0.4706214841095271
1733,4.747945205479452,0.47000875157653893
1734,4.750684931506849,0.46749961243700683
1735,4.7534246575342465,0.46749961243700683
1736,4.756164383561644,0.46749961243700683
1737,4.758904109589041,0.46749961243700683
1738,4.761643835616439,0.46749961243700683
1739,4.764383561643836,0.46749961243700683
1740,4.767123287671233,0.46749961243700683
1741,4.76986301369863,0.46749961243700683
1742,4.772602739726027,0.46749961243700683
1743,4.7753424657534245,0.46749961243700683
1744,4.778082191780822,0.46749961243700683
1745,4.780821917808219,0.46749961243700683
1746,4.7835616438356166,0.46749961243700683
1747,4.786301369863014,0.46749961243700683
1748,4.789041095890411,0.46749961243700683
1749,4.791780821917809,0.46749961243700683
1750,4.794520547945205,0.46749961243700683
1751,4.7972602739726025,0.46749961243700683
1752,4.8,0.46749961243700683
1753,4.802739726027397,0.46749961243700683
1754,4.8054794520547945,0.46749961243700683
1755,4.808219178082192,0.46749961243700683
1756,4.810958904109589,0.46749961243700683
1757,4.813698630136987,0.46749961243700683
1758,4.816438356164384,0.46749961243700683
1759,4.8191780821917805,0.46749961243700683
1760,4.821917808219178,0.46749961243700683
1761,4.824657534246575,0.46749961243700683
1762,4.8273972602739725,0.46749961243700683
1763,4.83013698630137,0.4669668698562915
1764,4.832876712328767,0.4669668698562915
1765,4.835616438356165,0.4669668698562915
1766,4.838356164383562,0.4669668698562915
1767,4.841095890410959,0.4669668698562915
1768,4.843835616438356,0.4669668698562915
1769,4.846575342465753,0.4669668698562915
1770,4.8493150684931505,0.4669668698562915
1771,4.852054794520548,0.4669668698562915
1772,4.854794520547945,0.4669668698562915
1773,4.857534246575343,0.4669668698562915
1774,4.86027397260274,0.4669668698562915
1775,4.863013698630137,0.4669668698562915
1776,4.865753424657535,0.4669668698562915
1777,4.868493150684931,0.4669668698562915
1778,4.8712328767123285,0.4669668698562915
1779,4.873972602739726,0.4669668698562915
1780,4.876712328767123,0.4669668698562915
1781,4.879452054794521,0.4669668698562915
1782,4.882191780821918,0.4669668698562915
1783,4.884931506849315,0.4669668698562915
1784,4.887671232876713,0.4669668698562915
1785,4.890410958904109,0.4669668698562915
1786,4.8931506849315065,0.4669668698562915
1787,4.895890410958904,0.4669668698562915
1788,4.898630136986301,0.4669668698562915
1789,4.901369863013699,0.4669668698562915
1790,4.904109589041096,0.4669668698562915
1791,4.906849315068493,0.4669668698562915
1792,4.909589041095891,0.4669668698562915
1793,4.912328767123288,0.4669668698562915
1794,4.9150684931506845,0.4669668698562915
1795,4.917808219178082,0.4669668698562915
1796,4.920547945205479,0.4669668698562915
1797,4.923287671232877,0.4669668698562915
1798,4.926027397260274,0.4669668698562915
1799,4.928767123287671,0.4669668698562915
1800,4.931506849315069,0.4669668698562915
1801,4.934246575342466,0.4669668698562915
1802,4.936986301369863,0.4669668698562915
1803,4.93972602739726,0.4669668698562915
1804,4.942465753424657,0.4669668698562915
1805,4.945205479452055,0.4669668698562915
1806,4.947945205479452,0.4669668698562915
1807,4.950684931506849,0.4669668698562915
1808,4.953424657534247,0.4669668698562915
1809,4.956164383561644,0.4669668698562915
1810,4.958904109589041,0.4669668698562915
1811,4.961643835616439,0.4669668698562915
1812,4.964383561643835,0.4669668698562915
1813,4.967123287671233,0.4669668698562915
1814,4.96986301369863,0.4669668698562915
1815,4.972602739726027,0.4669668698562915
1816,4.975342465753425,0.4669668698562915
1817,4.978082191780822,0.4669668698562915
1818,4.980821917808219,0.4669668698562915
1819,4.983561643835617,0.46528770309742984
1820,4.986301369863014,0.46528770309742984
1821,4.989041095890411,0.46528770309742984
1822,4.991780821917808,0.46528770309742984
1823,4.994520547945205,0.46528770309742984
1824,4.997260273972603,0.46528770309742984
1825,5.0,0.46528770309742984
